timestamp,equity
2020-10-01 00:00:00+00:00,10000.0
2020-10-02 00:00:00+00:00,10000.0
2020-10-03 00:00:00+00:00,10000.0
2020-10-04 00:00:00+00:00,10000.0
2020-10-05 00:00:00+00:00,10000.0
2020-10-06 00:00:00+00:00,10000.0
2020-10-07 00:00:00+00:00,10000.0
2020-10-08 00:00:00+00:00,10000.0
2020-10-09 00:00:00+00:00,10000.0
2020-10-10 00:00:00+00:00,10037.024271651488
2020-10-11 00:00:00+00:00,10147.282020104809
2020-10-12 00:00:00+00:00,10022.19755996843
2020-10-13 00:00:00+00:00,9989.796413430462
2020-10-14 00:00:00+00:00,9989.796413430462
2020-10-15 00:00:00+00:00,9989.796413430462
2020-10-16 00:00:00+00:00,9989.796413430462
2020-10-17 00:00:00+00:00,9989.796413430462
2020-10-18 00:00:00+00:00,9989.796413430462
2020-10-19 00:00:00+00:00,9989.796413430462
2020-10-20 00:00:00+00:00,10689.284026448477
2020-10-21 00:00:00+00:00,10813.851051634183
2020-10-22 00:00:00+00:00,10743.573074436732
2020-10-23 00:00:00+00:00,10867.954724092768
2020-10-24 00:00:00+00:00,10766.745785068424
2020-10-25 00:00:00+00:00,10753.726187615095
2020-10-26 00:00:00+00:00,10753.726187615095
2020-10-27 00:00:00+00:00,10430.300452378398
2020-10-28 00:00:00+00:00,10430.300452378398
2020-10-29 00:00:00+00:00,10430.300452378398
2020-10-30 00:00:00+00:00,10576.354538302276
2020-10-31 00:00:00+00:00,10522.041058623263
2020-11-01 00:00:00+00:00,10522.041058623263
2020-11-02 00:00:00+00:00,10522.041058623263
2020-11-03 00:00:00+00:00,10580.742391316908
2020-11-04 00:00:00+00:00,11629.10347241996
2020-11-05 00:00:00+00:00,11586.699354846396
2020-11-06 00:00:00+00:00,10986.381851987699
2020-11-07 00:00:00+00:00,11439.653706253835
2020-11-08 00:00:00+00:00,11297.065460793392
2020-11-09 00:00:00+00:00,11240.21993758117
2020-11-10 00:00:00+00:00,11240.21993758117
2020-11-11 00:00:00+00:00,11240.21993758117
2020-11-12 00:00:00+00:00,11226.372601944682
2020-11-13 00:00:00+00:00,11020.820008271307
2020-11-14 00:00:00+00:00,10910.077792403874
2020-11-15 00:00:00+00:00,11393.857389962324
2020-11-16 00:00:00+00:00,12003.485621792537
2020-11-17 00:00:00+00:00,12046.713035612387
2020-11-18 00:00:00+00:00,12028.646131830566
2020-11-19 00:00:00+00:00,12567.938426123932
2020-11-20 00:00:00+00:00,12562.616458736205
2020-11-21 00:00:00+00:00,12330.86773448608
2020-11-22 00:00:00+00:00,12262.836963989934
2020-11-23 00:00:00+00:00,12754.023112703439
2020-11-24 00:00:00+00:00,12422.718683511417
2020-11-25 00:00:00+00:00,12422.718683511417
2020-11-26 00:00:00+00:00,12403.0857882106
2020-11-27 00:00:00+00:00,12810.424558884803
2020-11-28 00:00:00+00:00,12810.424558884803
2020-11-29 00:00:00+00:00,13861.415136920401
2020-11-30 00:00:00+00:00,13165.671196319097
2020-12-01 00:00:00+00:00,13433.8164824216
2020-12-02 00:00:00+00:00,13545.657675182552
2020-12-03 00:00:00+00:00,12967.841032476057
2020-12-04 00:00:00+00:00,12967.841032476057
2020-12-05 00:00:00+00:00,12967.841032476057
2020-12-06 00:00:00+00:00,12967.841032476057
2020-12-07 00:00:00+00:00,12967.841032476057
2020-12-08 00:00:00+00:00,13108.479435011128
2020-12-09 00:00:00+00:00,13108.479435011128
2020-12-10 00:00:00+00:00,12938.827212929187
2020-12-11 00:00:00+00:00,13479.527456930622
2020-12-12 00:00:00+00:00,13479.527456930622
2020-12-13 00:00:00+00:00,13507.98909265005
2020-12-14 00:00:00+00:00,13507.98909265005
2020-12-15 00:00:00+00:00,14792.949480785199
2020-12-16 00:00:00+00:00,15760.484208749434
2020-12-17 00:00:00+00:00,15927.362021811712
2020-12-18 00:00:00+00:00,16371.14418208335
2020-12-19 00:00:00+00:00,16070.82479794489
2020-12-20 00:00:00+00:00,15519.227473334795
2020-12-21 00:00:00+00:00,16216.847616955352
2020-12-22 00:00:00+00:00,15775.1158151323
2020-12-23 00:00:00+00:00,15775.1158151323
2020-12-24 00:00:00+00:00,15775.1158151323
2020-12-25 00:00:00+00:00,16862.93749656532
2020-12-26 00:00:00+00:00,16677.793892162677
2020-12-27 00:00:00+00:00,17133.245279133447
2020-12-28 00:00:00+00:00,17274.912135189083
2020-12-29 00:00:00+00:00,18161.943470497667
2020-12-30 00:00:00+00:00,18137.668690836068
2020-12-31 00:00:00+00:00,18338.77068079246
2021-01-01 00:00:00+00:00,20060.872134859786
2021-01-02 00:00:00+00:00,20512.214641908566
2021-01-03 00:00:00+00:00,19823.000832597605
2021-01-04 00:00:00+00:00,20976.815172210696
2021-01-05 00:00:00+00:00,22653.60577143309
2021-01-06 00:00:00+00:00,24223.821398112002
2021-01-07 00:00:00+00:00,24856.889480773465
2021-01-08 00:00:00+00:00,24479.85011239105
2021-01-09 00:00:00+00:00,23224.636757524295
2021-01-10 00:00:00+00:00,21486.0687360699
2021-01-11 00:00:00+00:00,21486.0687360699
2021-01-12 00:00:00+00:00,23558.50601324513
2021-01-13 00:00:00+00:00,24652.13159463098
2021-01-14 00:00:00+00:00,24652.13159463098
2021-01-15 00:00:00+00:00,24652.13159463098
2021-01-16 00:00:00+00:00,24652.13159463098
2021-01-17 00:00:00+00:00,25129.635347066647
2021-01-18 00:00:00+00:00,25129.635347066647
2021-01-19 00:00:00+00:00,24808.29351980127
2021-01-20 00:00:00+00:00,21554.954245649442
2021-01-21 00:00:00+00:00,22996.458183904986
2021-01-22 00:00:00+00:00,22368.44931982947
2021-01-23 00:00:00+00:00,22472.84768012502
2021-01-24 00:00:00+00:00,22446.394857118787
2021-01-25 00:00:00+00:00,22572.49082943144
2021-01-26 00:00:00+00:00,22572.49082943144
2021-01-27 00:00:00+00:00,24777.86403583852
2021-01-28 00:00:00+00:00,24777.86403583852
2021-01-29 00:00:00+00:00,24711.257104413005
2021-01-30 00:00:00+00:00,23794.639389766508
2021-01-31 00:00:00+00:00,23794.639389766508
2021-02-01 00:00:00+00:00,25097.985014507838
2021-02-02 00:00:00+00:00,26543.746224812414
2021-02-03 00:00:00+00:00,25983.485018260253
2021-02-04 00:00:00+00:00,26856.309945156056
2021-02-05 00:00:00+00:00,27403.745860848667
2021-02-06 00:00:00+00:00,27048.3542876469
2021-02-07 00:00:00+00:00,32243.503228396985
2021-02-08 00:00:00+00:00,32178.411339222777
2021-02-09 00:00:00+00:00,30965.555742688677
2021-02-10 00:00:00+00:00,33054.53981954997
2021-02-11 00:00:00+00:00,32486.210903603023
2021-02-12 00:00:00+00:00,32296.91133929516
2021-02-13 00:00:00+00:00,32296.91133929516
2021-02-14 00:00:00+00:00,31757.453002082704
2021-02-15 00:00:00+00:00,32471.205582384777
2021-02-16 00:00:00+00:00,32471.205582384777
2021-02-17 00:00:00+00:00,32021.021654901186
2021-02-18 00:00:00+00:00,34624.96034120716
2021-02-19 00:00:00+00:00,34481.02337624445
2021-02-20 00:00:00+00:00,35343.97785016789
2021-02-21 00:00:00+00:00,33196.49462316322
2021-02-22 00:00:00+00:00,33196.49462316322
2021-02-23 00:00:00+00:00,33696.15755249263
2021-02-24 00:00:00+00:00,31898.031232649664
2021-02-25 00:00:00+00:00,31326.420412437095
2021-02-26 00:00:00+00:00,31179.759319816847
2021-02-27 00:00:00+00:00,30492.403308574492
2021-02-28 00:00:00+00:00,33467.61297802108
2021-03-01 00:00:00+00:00,33467.61297802108
2021-03-02 00:00:00+00:00,33467.61297802108
2021-03-03 00:00:00+00:00,32056.211903742274
2021-03-04 00:00:00+00:00,32056.211903742274
2021-03-05 00:00:00+00:00,32045.733063481566
2021-03-06 00:00:00+00:00,32045.733063481566
2021-03-07 00:00:00+00:00,32045.733063481566
2021-03-08 00:00:00+00:00,32045.733063481566
2021-03-09 00:00:00+00:00,32513.42565647201
2021-03-10 00:00:00+00:00,33532.84637032435
2021-03-11 00:00:00+00:00,33112.67631444547
2021-03-12 00:00:00+00:00,35305.31853744603
2021-03-13 00:00:00+00:00,33920.368770292625
2021-03-14 00:00:00+00:00,31886.962150595133
2021-03-15 00:00:00+00:00,31886.962150595133
2021-03-16 00:00:00+00:00,31886.962150595133
2021-03-17 00:00:00+00:00,31886.962150595133
2021-03-18 00:00:00+00:00,32066.16645794195
2021-03-19 00:00:00+00:00,32066.16645794195
2021-03-20 00:00:00+00:00,31556.28911683857
2021-03-21 00:00:00+00:00,31556.28911683857
2021-03-22 00:00:00+00:00,31674.968618811956
2021-03-23 00:00:00+00:00,30456.377560473407
2021-03-24 00:00:00+00:00,29838.153701535302
2021-03-25 00:00:00+00:00,31978.04888146092
2021-03-26 00:00:00+00:00,32405.832845457626
2021-03-27 00:00:00+00:00,32405.832845457626
2021-03-28 00:00:00+00:00,32405.832845457626
2021-03-29 00:00:00+00:00,32932.416342367986
2021-03-30 00:00:00+00:00,32830.265901273044
2021-03-31 00:00:00+00:00,32720.56883433147
2021-04-01 00:00:00+00:00,32750.154091828517
2021-04-02 00:00:00+00:00,31599.013093661724
2021-04-03 00:00:00+00:00,31599.013093661724
2021-04-04 00:00:00+00:00,31599.013093661724
2021-04-05 00:00:00+00:00,31599.013093661724
2021-04-06 00:00:00+00:00,31599.013093661724
2021-04-07 00:00:00+00:00,32766.339953554012
2021-04-08 00:00:00+00:00,32766.339953554012
2021-04-09 00:00:00+00:00,32766.339953554012
2021-04-10 00:00:00+00:00,32766.339953554012
2021-04-11 00:00:00+00:00,32766.339953554012
2021-04-12 00:00:00+00:00,34698.53548862308
2021-04-13 00:00:00+00:00,34259.04418457193
2021-04-14 00:00:00+00:00,34265.194270327505
2021-04-15 00:00:00+00:00,33173.71429855724
2021-04-16 00:00:00+00:00,33173.71429855724
2021-04-17 00:00:00+00:00,33173.71429855724
2021-04-18 00:00:00+00:00,32835.30738412948
2021-04-19 00:00:00+00:00,33269.58645597748
2021-04-20 00:00:00+00:00,31682.019450418455
2021-04-21 00:00:00+00:00,30415.957980000432
2021-04-22 00:00:00+00:00,30052.75404757332
2021-04-23 00:00:00+00:00,29389.736844779072
2021-04-24 00:00:00+00:00,28784.504205194164
2021-04-25 00:00:00+00:00,31649.09932724816
2021-04-26 00:00:00+00:00,31649.09932724816
2021-04-27 00:00:00+00:00,31458.95272010809
2021-04-28 00:00:00+00:00,30625.07811906312
2021-04-29 00:00:00+00:00,32896.683462635134
2021-04-30 00:00:00+00:00,32858.41628142385
2021-05-01 00:00:00+00:00,32066.124450068903
2021-05-02 00:00:00+00:00,32066.124450068903
2021-05-03 00:00:00+00:00,32066.124450068903
2021-05-04 00:00:00+00:00,32066.124450068903
2021-05-05 00:00:00+00:00,32066.124450068903
2021-05-06 00:00:00+00:00,32066.124450068903
2021-05-07 00:00:00+00:00,32066.124450068903
2021-05-08 00:00:00+00:00,32066.124450068903
2021-05-09 00:00:00+00:00,30636.95747680659
2021-05-10 00:00:00+00:00,30636.95747680659
2021-05-11 00:00:00+00:00,30636.95747680659
2021-05-12 00:00:00+00:00,30630.76853124193
2021-05-13 00:00:00+00:00,30705.200319603315
2021-05-14 00:00:00+00:00,28778.920521355958
2021-05-15 00:00:00+00:00,28546.223448345492
2021-05-16 00:00:00+00:00,26739.645534249426
2021-05-17 00:00:00+00:00,26290.397217788577
2021-05-18 00:00:00+00:00,22486.719660390707
2021-05-19 00:00:00+00:00,24814.39978265736
2021-05-20 00:00:00+00:00,22785.52555545162
2021-05-21 00:00:00+00:00,22883.6053168935
2021-05-22 00:00:00+00:00,21154.001796218305
2021-05-23 00:00:00+00:00,23659.315139658913
2021-05-24 00:00:00+00:00,23659.315139658913
2021-05-25 00:00:00+00:00,24201.577062585955
2021-05-26 00:00:00+00:00,24201.577062585955
2021-05-27 00:00:00+00:00,24201.577062585955
2021-05-28 00:00:00+00:00,24201.577062585955
2021-05-29 00:00:00+00:00,24901.6251671344
2021-05-30 00:00:00+00:00,26002.786821235397
2021-05-31 00:00:00+00:00,25585.5899646965
2021-06-01 00:00:00+00:00,26170.222943552504
2021-06-02 00:00:00+00:00,27258.93858140048
2021-06-03 00:00:00+00:00,25500.41246796007
2021-06-04 00:00:00+00:00,25500.41246796007
2021-06-05 00:00:00+00:00,25678.08596413966
2021-06-06 00:00:00+00:00,25678.08596413966
2021-06-07 00:00:00+00:00,25520.843923489334
2021-06-08 00:00:00+00:00,28557.457744463645
2021-06-09 00:00:00+00:00,28557.457744463645
2021-06-10 00:00:00+00:00,28557.457744463645
2021-06-11 00:00:00+00:00,28557.457744463645
2021-06-12 00:00:00+00:00,31258.967124227038
2021-06-13 00:00:00+00:00,32361.614661612606
2021-06-14 00:00:00+00:00,31967.664246317516
2021-06-15 00:00:00+00:00,30444.49511361355
2021-06-16 00:00:00+00:00,30444.49511361355
2021-06-17 00:00:00+00:00,28539.180112093472
2021-06-18 00:00:00+00:00,28242.959689887462
2021-06-19 00:00:00+00:00,28307.335632450086
2021-06-20 00:00:00+00:00,25106.990754430157
2021-06-21 00:00:00+00:00,25796.884079093226
2021-06-22 00:00:00+00:00,26697.842606718248
2021-06-23 00:00:00+00:00,27451.602113809622
2021-06-24 00:00:00+00:00,27451.602113809622
2021-06-25 00:00:00+00:00,28031.54180706171
2021-06-26 00:00:00+00:00,28031.54180706171
2021-06-27 00:00:00+00:00,27781.743958807878
2021-06-28 00:00:00+00:00,27781.743958807878
2021-06-29 00:00:00+00:00,27781.743958807878
2021-06-30 00:00:00+00:00,26479.170766287258
2021-07-01 00:00:00+00:00,26479.170766287258
2021-07-02 00:00:00+00:00,26479.170766287258
2021-07-03 00:00:00+00:00,26479.170766287258
2021-07-04 00:00:00+00:00,26479.170766287258
2021-07-05 00:00:00+00:00,26868.927618763417
2021-07-06 00:00:00+00:00,26868.927618763417
2021-07-07 00:00:00+00:00,26868.927618763417
2021-07-08 00:00:00+00:00,27609.99327925534
2021-07-09 00:00:00+00:00,27326.987550426074
2021-07-10 00:00:00+00:00,27326.987550426074
2021-07-11 00:00:00+00:00,27326.987550426074
2021-07-12 00:00:00+00:00,27326.987550426074
2021-07-13 00:00:00+00:00,27326.987550426074
2021-07-14 00:00:00+00:00,26517.34822815085
2021-07-15 00:00:00+00:00,26078.35001232706
2021-07-16 00:00:00+00:00,26165.377035881927
2021-07-17 00:00:00+00:00,26353.66837854394
2021-07-18 00:00:00+00:00,25549.06178476964
2021-07-19 00:00:00+00:00,24654.644017495673
2021-07-20 00:00:00+00:00,26577.316612537867
2021-07-21 00:00:00+00:00,26577.316612537867
2021-07-22 00:00:00+00:00,26577.316612537867
2021-07-23 00:00:00+00:00,26989.976498338536
2021-07-24 00:00:00+00:00,27792.344733720183
2021-07-25 00:00:00+00:00,29165.167401471084
2021-07-26 00:00:00+00:00,30814.03487123094
2021-07-27 00:00:00+00:00,31159.593852991402
2021-07-28 00:00:00+00:00,31063.736131156445
2021-07-29 00:00:00+00:00,32667.96512095018
2021-07-30 00:00:00+00:00,31994.563587642693
2021-07-31 00:00:00+00:00,30653.157741616924
2021-08-01 00:00:00+00:00,30653.157741616924
2021-08-02 00:00:00+00:00,30653.157741616924
2021-08-03 00:00:00+00:00,30653.157741616924
2021-08-04 00:00:00+00:00,31501.19662226139
2021-08-05 00:00:00+00:00,31501.19662226139
2021-08-06 00:00:00+00:00,32681.164544029827
2021-08-07 00:00:00+00:00,32013.428613417447
2021-08-08 00:00:00+00:00,33712.24549200648
2021-08-09 00:00:00+00:00,33124.67893155835
2021-08-10 00:00:00+00:00,32971.636683297074
2021-08-11 00:00:00+00:00,32068.328739739023
2021-08-12 00:00:00+00:00,32068.328739739023
2021-08-13 00:00:00+00:00,31482.129598856194
2021-08-14 00:00:00+00:00,31482.129598856194
2021-08-15 00:00:00+00:00,31482.129598856194
2021-08-16 00:00:00+00:00,31482.129598856194
2021-08-17 00:00:00+00:00,31482.129598856194
2021-08-18 00:00:00+00:00,32897.301238503744
2021-08-19 00:00:00+00:00,32897.301238503744
2021-08-20 00:00:00+00:00,32465.234234907533
2021-08-21 00:00:00+00:00,32644.965171167732
2021-08-22 00:00:00+00:00,32712.299885785902
2021-08-23 00:00:00+00:00,31416.36269018357
2021-08-24 00:00:00+00:00,31416.36269018357
2021-08-25 00:00:00+00:00,31416.36269018357
2021-08-26 00:00:00+00:00,32877.09520753728
2021-08-27 00:00:00+00:00,32877.09520753728
2021-08-28 00:00:00+00:00,32877.09520753728
2021-08-29 00:00:00+00:00,32877.09520753728
2021-08-30 00:00:00+00:00,32926.718877023035
2021-08-31 00:00:00+00:00,32926.718877023035
2021-09-01 00:00:00+00:00,32926.718877023035
2021-09-02 00:00:00+00:00,32926.718877023035
2021-09-03 00:00:00+00:00,32926.718877023035
2021-09-04 00:00:00+00:00,34040.70299566623
2021-09-05 00:00:00+00:00,34534.25399123212
2021-09-06 00:00:00+00:00,30632.92113417643
2021-09-07 00:00:00+00:00,30069.53265773159
2021-09-08 00:00:00+00:00,30265.81462339348
2021-09-09 00:00:00+00:00,29228.66125651593
2021-09-10 00:00:00+00:00,29409.66355564565
2021-09-11 00:00:00+00:00,29934.350763695966
2021-09-12 00:00:00+00:00,29934.350763695966
2021-09-13 00:00:00+00:00,29934.350763695966
2021-09-14 00:00:00+00:00,29934.350763695966
2021-09-15 00:00:00+00:00,29606.304914015782
2021-09-16 00:00:00+00:00,29246.36594984705
2021-09-17 00:00:00+00:00,29246.36594984705
2021-09-18 00:00:00+00:00,28523.110191156753
2021-09-19 00:00:00+00:00,28523.110191156753
2021-09-20 00:00:00+00:00,26982.668694153246
2021-09-21 00:00:00+00:00,28815.589985040337
2021-09-22 00:00:00+00:00,29660.942522870337
2021-09-23 00:00:00+00:00,28273.567284871446
2021-09-24 00:00:00+00:00,28152.91126774667
2021-09-25 00:00:00+00:00,28152.91126774667
2021-09-26 00:00:00+00:00,27408.341452958113
2021-09-27 00:00:00+00:00,26652.42359318415
2021-09-28 00:00:00+00:00,26948.947117873755
2021-09-29 00:00:00+00:00,28413.803644328724
2021-09-30 00:00:00+00:00,28413.803644328724
2021-10-01 00:00:00+00:00,28029.95806617734
2021-10-02 00:00:00+00:00,28277.913081555627
2021-10-03 00:00:00+00:00,28793.496294958568
2021-10-04 00:00:00+00:00,30019.542316702024
2021-10-05 00:00:00+00:00,32167.461733383476
2021-10-06 00:00:00+00:00,31182.69285927297
2021-10-07 00:00:00+00:00,31185.37832296764
2021-10-08 00:00:00+00:00,31668.01099454103
2021-10-09 00:00:00+00:00,31405.729514116512
2021-10-10 00:00:00+00:00,32925.01275567284
2021-10-11 00:00:00+00:00,31982.83387337848
2021-10-12 00:00:00+00:00,32668.248037581416
2021-10-13 00:00:00+00:00,32559.42198341201
2021-10-14 00:00:00+00:00,34913.31162616488
2021-10-15 00:00:00+00:00,34358.161626675945
2021-10-16 00:00:00+00:00,34622.96951453111
2021-10-17 00:00:00+00:00,34789.664955357395
2021-10-18 00:00:00+00:00,35957.37232611211
2021-10-19 00:00:00+00:00,36810.669635498525
2021-10-20 00:00:00+00:00,34579.47718891024
2021-10-21 00:00:00+00:00,34579.47718891024
2021-10-22 00:00:00+00:00,34579.47718891024
2021-10-23 00:00:00+00:00,34579.47718891024
2021-10-24 00:00:00+00:00,35809.497318338115
2021-10-25 00:00:00+00:00,34213.30751577259
2021-10-26 00:00:00+00:00,34213.30751577259
2021-10-27 00:00:00+00:00,35445.01072170453
2021-10-28 00:00:00+00:00,35445.01072170453
2021-10-29 00:00:00+00:00,35445.01072170453
2021-10-30 00:00:00+00:00,35445.01072170453
2021-10-31 00:00:00+00:00,35445.01072170453
2021-11-01 00:00:00+00:00,35445.01072170453
2021-11-02 00:00:00+00:00,35445.01072170453
2021-11-03 00:00:00+00:00,35445.01072170453
2021-11-04 00:00:00+00:00,35445.01072170453
2021-11-05 00:00:00+00:00,35445.01072170453
2021-11-06 00:00:00+00:00,35445.01072170453
2021-11-07 00:00:00+00:00,35445.01072170453
2021-11-08 00:00:00+00:00,35035.66104305627
2021-11-09 00:00:00+00:00,33851.39719904272
2021-11-10 00:00:00+00:00,33693.50854637553
2021-11-11 00:00:00+00:00,33253.78819129684
2021-11-12 00:00:00+00:00,33253.78819129684
2021-11-13 00:00:00+00:00,33808.59530795961
2021-11-14 00:00:00+00:00,33808.59530795961
2021-11-15 00:00:00+00:00,33808.59530795961
2021-11-16 00:00:00+00:00,33935.685569744746
2021-11-17 00:00:00+00:00,31960.72693858429
2021-11-18 00:00:00+00:00,32580.440115009926
2021-11-19 00:00:00+00:00,33476.35938047287
2021-11-20 00:00:00+00:00,32834.566488663855
2021-11-21 00:00:00+00:00,32834.566488663855
2021-11-22 00:00:00+00:00,33556.76877973699
2021-11-23 00:00:00+00:00,33556.76877973699
2021-11-24 00:00:00+00:00,33556.76877973699
2021-11-25 00:00:00+00:00,33556.76877973699
2021-11-26 00:00:00+00:00,34144.033834322676
2021-11-27 00:00:00+00:00,35702.58941962309
2021-11-28 00:00:00+00:00,35702.58941962309
2021-11-29 00:00:00+00:00,35702.58941962309
2021-11-30 00:00:00+00:00,35813.184292245314
2021-12-01 00:00:00+00:00,35265.692175895994
2021-12-02 00:00:00+00:00,35265.692175895994
2021-12-03 00:00:00+00:00,32305.023371815838
2021-12-04 00:00:00+00:00,32432.896792643336
2021-12-05 00:00:00+00:00,33086.62294475874
2021-12-06 00:00:00+00:00,33149.9136385324
2021-12-07 00:00:00+00:00,33039.62003005629
2021-12-08 00:00:00+00:00,31092.35632599202
2021-12-09 00:00:00+00:00,30796.499250044042
2021-12-10 00:00:00+00:00,32234.497701509397
2021-12-11 00:00:00+00:00,32234.497701509397
2021-12-12 00:00:00+00:00,32234.497701509397
2021-12-13 00:00:00+00:00,33333.98329573666
2021-12-14 00:00:00+00:00,33333.98329573666
2021-12-15 00:00:00+00:00,33333.98329573666
2021-12-16 00:00:00+00:00,32250.606090630525
2021-12-17 00:00:00+00:00,32709.76065995501
2021-12-18 00:00:00+00:00,32709.76065995501
2021-12-19 00:00:00+00:00,32840.168017948
2021-12-20 00:00:00+00:00,34189.63401276244
2021-12-21 00:00:00+00:00,34189.63401276244
2021-12-22 00:00:00+00:00,35668.403970258885
2021-12-23 00:00:00+00:00,35548.239324433
2021-12-24 00:00:00+00:00,35148.02834145247
2021-12-25 00:00:00+00:00,35304.30747629728
2021-12-26 00:00:00+00:00,35304.30747629728
2021-12-27 00:00:00+00:00,33002.947011334705
2021-12-28 00:00:00+00:00,32221.248644351857
2021-12-29 00:00:00+00:00,32643.837018192407
2021-12-30 00:00:00+00:00,31985.269458879335
2021-12-31 00:00:00+00:00,32994.8076374026
2022-01-01 00:00:00+00:00,32660.177795523403
2022-01-02 00:00:00+00:00,32660.177795523403
2022-01-03 00:00:00+00:00,32660.177795523403
2022-01-04 00:00:00+00:00,30931.720429505793
2022-01-05 00:00:00+00:00,30638.351361296605
2022-01-06 00:00:00+00:00,29530.241824148572
2022-01-07 00:00:00+00:00,29581.120303125594
2022-01-08 00:00:00+00:00,29682.672530624073
2022-01-09 00:00:00+00:00,29623.11913599311
2022-01-10 00:00:00+00:00,30235.451587242285
2022-01-11 00:00:00+00:00,30235.451587242285
2022-01-12 00:00:00+00:00,30235.451587242285
2022-01-13 00:00:00+00:00,30235.451587242285
2022-01-14 00:00:00+00:00,30235.451587242285
2022-01-15 00:00:00+00:00,30235.451587242285
2022-01-16 00:00:00+00:00,30235.451587242285
2022-01-17 00:00:00+00:00,30312.973135941073
2022-01-18 00:00:00+00:00,30312.973135941073
2022-01-19 00:00:00+00:00,29570.581388434526
2022-01-20 00:00:00+00:00,26463.71807180266
2022-01-21 00:00:00+00:00,25440.129550486112
2022-01-22 00:00:00+00:00,26265.21659824833
2022-01-23 00:00:00+00:00,26540.10383290149
2022-01-24 00:00:00+00:00,26729.156603192667
2022-01-25 00:00:00+00:00,26594.7220466369
2022-01-26 00:00:00+00:00,26594.7220466369
2022-01-27 00:00:00+00:00,26594.7220466369
2022-01-28 00:00:00+00:00,26594.7220466369
2022-01-29 00:00:00+00:00,26594.7220466369
2022-01-30 00:00:00+00:00,26594.7220466369
2022-01-31 00:00:00+00:00,26594.7220466369
2022-02-01 00:00:00+00:00,26594.7220466369
2022-02-02 00:00:00+00:00,26867.274461455592
2022-02-03 00:00:00+00:00,26867.274461455592
2022-02-04 00:00:00+00:00,26663.011914622315
2022-02-05 00:00:00+00:00,27225.26858673891
2022-02-06 00:00:00+00:00,28079.532587716574
2022-02-07 00:00:00+00:00,28125.13465029391
2022-02-08 00:00:00+00:00,28251.01777083538
2022-02-09 00:00:00+00:00,27608.573812041555
2022-02-10 00:00:00+00:00,26814.828160341873
2022-02-11 00:00:00+00:00,26814.828160341873
2022-02-12 00:00:00+00:00,26814.828160341873
2022-02-13 00:00:00+00:00,27095.363962318028
2022-02-14 00:00:00+00:00,28347.29520226518
2022-02-15 00:00:00+00:00,28347.29520226518
2022-02-16 00:00:00+00:00,26095.962387916294
2022-02-17 00:00:00+00:00,25721.404968919604
2022-02-18 00:00:00+00:00,25763.02510506401
2022-02-19 00:00:00+00:00,24649.990375481513
2022-02-20 00:00:00+00:00,23740.425131091804
2022-02-21 00:00:00+00:00,24500.292271498463
2022-02-22 00:00:00+00:00,23847.846215368747
2022-02-23 00:00:00+00:00,24513.275995723634
2022-02-24 00:00:00+00:00,25058.943761633847
2022-02-25 00:00:00+00:00,25058.943761633847
2022-02-26 00:00:00+00:00,24076.966665479933
2022-02-27 00:00:00+00:00,24076.966665479933
2022-02-28 00:00:00+00:00,24707.2579229636
2022-03-01 00:00:00+00:00,24339.790871696383
2022-03-02 00:00:00+00:00,23470.02862813906
2022-03-03 00:00:00+00:00,21575.064898805053
2022-03-04 00:00:00+00:00,21575.064898805053
2022-03-05 00:00:00+00:00,21018.641123610865
2022-03-06 00:00:00+00:00,20760.95571898729
2022-03-07 00:00:00+00:00,21145.838588920386
2022-03-08 00:00:00+00:00,22876.964413356505
2022-03-09 00:00:00+00:00,21436.038492085154
2022-03-10 00:00:00+00:00,21436.038492085154
2022-03-11 00:00:00+00:00,21436.038492085154
2022-03-12 00:00:00+00:00,21436.038492085154
2022-03-13 00:00:00+00:00,21436.038492085154
2022-03-14 00:00:00+00:00,21203.402832177624
2022-03-15 00:00:00+00:00,21203.402832177624
2022-03-16 00:00:00+00:00,21038.821749645762
2022-03-17 00:00:00+00:00,21406.77207389313
2022-03-18 00:00:00+00:00,21569.640949868615
2022-03-19 00:00:00+00:00,21025.715054536766
2022-03-20 00:00:00+00:00,20830.431494098022
2022-03-21 00:00:00+00:00,20830.431494098022
2022-03-22 00:00:00+00:00,20830.431494098022
2022-03-23 00:00:00+00:00,20830.431494098022
2022-03-24 00:00:00+00:00,20920.050623276504
2022-03-25 00:00:00+00:00,20950.687559566144
2022-03-26 00:00:00+00:00,21976.54293377718
2022-03-27 00:00:00+00:00,22048.604196893077
2022-03-28 00:00:00+00:00,22128.51176044272
2022-03-29 00:00:00+00:00,21891.27564315273
2022-03-30 00:00:00+00:00,21102.237615890954
2022-03-31 00:00:00+00:00,21102.237615890954
2022-04-01 00:00:00+00:00,21102.237615890954
2022-04-02 00:00:00+00:00,21102.237615890954
2022-04-03 00:00:00+00:00,21102.237615890954
2022-04-04 00:00:00+00:00,21102.237615890954
2022-04-05 00:00:00+00:00,21102.237615890954
2022-04-06 00:00:00+00:00,21214.855443013097
2022-04-07 00:00:00+00:00,20611.750843877948
2022-04-08 00:00:00+00:00,20835.876815553722
2022-04-09 00:00:00+00:00,20525.14771255894
2022-04-10 00:00:00+00:00,19225.6092667434
2022-04-11 00:00:00+00:00,19471.05387198434
2022-04-12 00:00:00+00:00,19972.573611637363
2022-04-13 00:00:00+00:00,19367.794387090456
2022-04-14 00:00:00+00:00,19643.82117873883
2022-04-15 00:00:00+00:00,19540.314235750007
2022-04-16 00:00:00+00:00,19540.314235750007
2022-04-17 00:00:00+00:00,19540.314235750007
2022-04-18 00:00:00+00:00,19540.314235750007
2022-04-19 00:00:00+00:00,19540.314235750007
2022-04-20 00:00:00+00:00,19540.314235750007
2022-04-21 00:00:00+00:00,19540.314235750007
2022-04-22 00:00:00+00:00,19540.314235750007
2022-04-23 00:00:00+00:00,19524.988002764057
2022-04-24 00:00:00+00:00,19988.236827570363
2022-04-25 00:00:00+00:00,19988.236827570363
2022-04-26 00:00:00+00:00,20556.939561140825
2022-04-27 00:00:00+00:00,20556.939561140825
2022-04-28 00:00:00+00:00,20556.939561140825
2022-04-29 00:00:00+00:00,20556.939561140825
2022-04-30 00:00:00+00:00,20993.67985154279
2022-05-01 00:00:00+00:00,20993.67985154279
2022-05-02 00:00:00+00:00,20993.67985154279
2022-05-03 00:00:00+00:00,22063.324909990482
2022-05-04 00:00:00+00:00,22063.324909990482
2022-05-05 00:00:00+00:00,21715.953031197565
2022-05-06 00:00:00+00:00,21367.94273244579
2022-05-07 00:00:00+00:00,20483.186132899085
2022-05-08 00:00:00+00:00,18079.63097918975
2022-05-09 00:00:00+00:00,18626.791933642624
2022-05-10 00:00:00+00:00,17459.815157485526
2022-05-11 00:00:00+00:00,17397.861385780394
2022-05-12 00:00:00+00:00,17534.580481436125
2022-05-13 00:00:00+00:00,17995.583472054717
2022-05-14 00:00:00+00:00,17995.583472054717
2022-05-15 00:00:00+00:00,17995.583472054717
2022-05-16 00:00:00+00:00,17995.583472054717
2022-05-17 00:00:00+00:00,17995.583472054717
2022-05-18 00:00:00+00:00,18982.22902900536
2022-05-19 00:00:00+00:00,18982.22902900536
2022-05-20 00:00:00+00:00,19121.803549266708
2022-05-21 00:00:00+00:00,19121.803549266708
2022-05-22 00:00:00+00:00,19121.803549266708
2022-05-23 00:00:00+00:00,19121.803549266708
2022-05-24 00:00:00+00:00,19121.803549266708
2022-05-25 00:00:00+00:00,19121.803549266708
2022-05-26 00:00:00+00:00,19121.803549266708
2022-05-27 00:00:00+00:00,19370.71928787816
2022-05-28 00:00:00+00:00,19370.71928787816
2022-05-29 00:00:00+00:00,19370.71928787816
2022-05-30 00:00:00+00:00,19353.342901687225
2022-05-31 00:00:00+00:00,18082.876804038668
2022-06-01 00:00:00+00:00,18082.876804038668
2022-06-02 00:00:00+00:00,18082.876804038668
2022-06-03 00:00:00+00:00,18082.876804038668
2022-06-04 00:00:00+00:00,18098.17397174394
2022-06-05 00:00:00+00:00,18959.086770347676
2022-06-06 00:00:00+00:00,18752.713552168934
2022-06-07 00:00:00+00:00,18752.713552168934
2022-06-08 00:00:00+00:00,18752.713552168934
2022-06-09 00:00:00+00:00,18752.713552168934
2022-06-10 00:00:00+00:00,18752.713552168934
2022-06-11 00:00:00+00:00,17513.94411544732
2022-06-12 00:00:00+00:00,14804.15311510128
2022-06-13 00:00:00+00:00,14558.383125105436
2022-06-14 00:00:00+00:00,14837.851185712125
2022-06-15 00:00:00+00:00,13389.846654076611
2022-06-16 00:00:00+00:00,13420.729734244984
2022-06-17 00:00:00+00:00,12425.591132458667
2022-06-18 00:00:00+00:00,13462.712962463302
2022-06-19 00:00:00+00:00,13449.171575049373
2022-06-20 00:00:00+00:00,13533.47999748864
2022-06-21 00:00:00+00:00,13533.47999748864
2022-06-22 00:00:00+00:00,14279.33869089121
2022-06-23 00:00:00+00:00,14322.662714788412
2022-06-24 00:00:00+00:00,14322.662714788412
2022-06-25 00:00:00+00:00,14322.662714788412
2022-06-26 00:00:00+00:00,14322.662714788412
2022-06-27 00:00:00+00:00,14322.662714788412
2022-06-28 00:00:00+00:00,14196.611376702773
2022-06-29 00:00:00+00:00,14054.918654200443
2022-06-30 00:00:00+00:00,13574.235458419162
2022-07-01 00:00:00+00:00,13541.661228053983
2022-07-02 00:00:00+00:00,13572.416373818443
2022-07-03 00:00:00+00:00,14205.576724113187
2022-07-04 00:00:00+00:00,14205.576724113187
2022-07-05 00:00:00+00:00,14205.576724113187
2022-07-06 00:00:00+00:00,14894.421364250846
2022-07-07 00:00:00+00:00,14828.95555378572
2022-07-08 00:00:00+00:00,14782.473965849611
2022-07-09 00:00:00+00:00,14239.538958070983
2022-07-10 00:00:00+00:00,14239.538958070983
2022-07-11 00:00:00+00:00,13772.689331943619
2022-07-12 00:00:00+00:00,14404.241873604002
2022-07-13 00:00:00+00:00,14641.678729693269
2022-07-14 00:00:00+00:00,14798.47238339466
2022-07-15 00:00:00+00:00,14798.47238339466
2022-07-16 00:00:00+00:00,14477.013390961774
2022-07-17 00:00:00+00:00,15569.557375718816
2022-07-18 00:00:00+00:00,16190.954811576472
2022-07-19 00:00:00+00:00,16022.62879648109
2022-07-20 00:00:00+00:00,15925.581023488792
2022-07-21 00:00:00+00:00,15556.81371998893
2022-07-22 00:00:00+00:00,15350.083392972869
2022-07-23 00:00:00+00:00,15350.083392972869
2022-07-24 00:00:00+00:00,15350.083392972869
2022-07-25 00:00:00+00:00,15294.243853382792
2022-07-26 00:00:00+00:00,16500.003743917183
2022-07-27 00:00:00+00:00,16500.003743917183
2022-07-28 00:00:00+00:00,16402.709190649966
2022-07-29 00:00:00+00:00,16263.784863365589
2022-07-30 00:00:00+00:00,15974.475824205927
2022-07-31 00:00:00+00:00,15909.228903774625
2022-08-01 00:00:00+00:00,15909.228903774625
2022-08-02 00:00:00+00:00,15776.119395877835
2022-08-03 00:00:00+00:00,15625.314649450625
2022-08-04 00:00:00+00:00,16085.627891149734
2022-08-05 00:00:00+00:00,16085.627891149734
2022-08-06 00:00:00+00:00,16085.627891149734
2022-08-07 00:00:00+00:00,16085.627891149734
2022-08-08 00:00:00+00:00,15592.129238438976
2022-08-09 00:00:00+00:00,15592.129238438976
2022-08-10 00:00:00+00:00,15592.129238438976
2022-08-11 00:00:00+00:00,15592.129238438976
2022-08-12 00:00:00+00:00,15569.41201245495
2022-08-13 00:00:00+00:00,15569.41201245495
2022-08-14 00:00:00+00:00,15388.123170299015
2022-08-15 00:00:00+00:00,15388.123170299015
2022-08-16 00:00:00+00:00,15388.123170299015
2022-08-17 00:00:00+00:00,15272.930730597227
2022-08-18 00:00:00+00:00,13706.312579337333
2022-08-19 00:00:00+00:00,13893.596354791938
2022-08-20 00:00:00+00:00,14126.383252394387
2022-08-21 00:00:00+00:00,14036.270827949767
2022-08-22 00:00:00+00:00,14106.9871456395
2022-08-23 00:00:00+00:00,13987.404224737917
2022-08-24 00:00:00+00:00,13987.404224737917
2022-08-25 00:00:00+00:00,13987.404224737917
2022-08-26 00:00:00+00:00,13832.887813478776
2022-08-27 00:00:00+00:00,13486.47441723616
2022-08-28 00:00:00+00:00,13976.254500991863
2022-08-29 00:00:00+00:00,13635.814838163897
2022-08-30 00:00:00+00:00,13786.146656993593
2022-08-31 00:00:00+00:00,13786.146656993593
2022-09-01 00:00:00+00:00,13786.146656993593
2022-09-02 00:00:00+00:00,13786.146656993593
2022-09-03 00:00:00+00:00,13786.146656993593
2022-09-04 00:00:00+00:00,13786.146656993593
2022-09-05 00:00:00+00:00,13786.146656993593
2022-09-06 00:00:00+00:00,14140.641345304874
2022-09-07 00:00:00+00:00,14146.222034293725
2022-09-08 00:00:00+00:00,15625.288207214891
2022-09-09 00:00:00+00:00,15788.949200105288
2022-09-10 00:00:00+00:00,15871.603647935226
2022-09-11 00:00:00+00:00,16237.035397336742
2022-09-12 00:00:00+00:00,14579.662688983279
2022-09-13 00:00:00+00:00,14579.662688983279
2022-09-14 00:00:00+00:00,14186.961123609333
2022-09-15 00:00:00+00:00,14245.76119225315
2022-09-16 00:00:00+00:00,14454.629304706186
2022-09-17 00:00:00+00:00,13939.203871996357
2022-09-18 00:00:00+00:00,14011.967357527821
2022-09-19 00:00:00+00:00,13523.384715284485
2022-09-20 00:00:00+00:00,13213.641951642563
2022-09-21 00:00:00+00:00,13873.079227023987
2022-09-22 00:00:00+00:00,13779.354131947659
2022-09-23 00:00:00+00:00,13779.354131947659
2022-09-24 00:00:00+00:00,13683.226491252943
2022-09-25 00:00:00+00:00,13683.226491252943
2022-09-26 00:00:00+00:00,13683.226491252943
2022-09-27 00:00:00+00:00,13683.226491252943
2022-09-28 00:00:00+00:00,13683.226491252943
2022-09-29 00:00:00+00:00,13683.226491252943
2022-09-30 00:00:00+00:00,13683.226491252943
2022-10-01 00:00:00+00:00,13683.226491252943
2022-10-02 00:00:00+00:00,13683.226491252943
2022-10-03 00:00:00+00:00,13683.226491252943
2022-10-04 00:00:00+00:00,13683.226491252943
2022-10-05 00:00:00+00:00,13683.226491252943
2022-10-06 00:00:00+00:00,13683.226491252943
2022-10-07 00:00:00+00:00,13683.226491252943
2022-10-08 00:00:00+00:00,13683.226491252943
2022-10-09 00:00:00+00:00,13453.440163466705
2022-10-10 00:00:00+00:00,13389.466648346588
2022-10-11 00:00:00+00:00,13443.145804986647
2022-10-12 00:00:00+00:00,13443.145804986647
2022-10-13 00:00:00+00:00,13443.145804986647
2022-10-14 00:00:00+00:00,13443.145804986647
2022-10-15 00:00:00+00:00,13443.145804986647
2022-10-16 00:00:00+00:00,13443.145804986647
2022-10-17 00:00:00+00:00,13443.145804986647
2022-10-18 00:00:00+00:00,13443.145804986647
2022-10-19 00:00:00+00:00,13443.145804986647
2022-10-20 00:00:00+00:00,13443.145804986647
2022-10-21 00:00:00+00:00,13443.145804986647
2022-10-22 00:00:00+00:00,13443.145804986647
2022-10-23 00:00:00+00:00,13443.145804986647
2022-10-24 00:00:00+00:00,13443.145804986647
2022-10-25 00:00:00+00:00,13865.085647436763
2022-10-26 00:00:00+00:00,13505.922709900071
2022-10-27 00:00:00+00:00,13662.582492566587
2022-10-28 00:00:00+00:00,13765.913966720163
2022-10-29 00:00:00+00:00,13604.282367063453
2022-10-30 00:00:00+00:00,13604.282367063453
2022-10-31 00:00:00+00:00,13604.282367063453
2022-11-01 00:00:00+00:00,13604.282367063453
2022-11-02 00:00:00+00:00,13604.282367063453
2022-11-03 00:00:00+00:00,13604.282367063453
2022-11-04 00:00:00+00:00,13604.282367063453
2022-11-05 00:00:00+00:00,13312.33287577564
2022-11-06 00:00:00+00:00,13312.33287577564
2022-11-07 00:00:00+00:00,13312.33287577564
2022-11-08 00:00:00+00:00,11416.270932613385
2022-11-09 00:00:00+00:00,12607.576008931366
2022-11-10 00:00:00+00:00,12214.915598114918
2022-11-11 00:00:00+00:00,12018.006719422816
2022-11-12 00:00:00+00:00,11661.436237058459
2022-11-13 00:00:00+00:00,11856.481109265975
2022-11-14 00:00:00+00:00,11856.481109265975
2022-11-15 00:00:00+00:00,11677.868195766687
2022-11-16 00:00:00+00:00,11687.058959492639
2022-11-17 00:00:00+00:00,11687.058959492639
2022-11-18 00:00:00+00:00,11687.058959492639
2022-11-19 00:00:00+00:00,11687.058959492639
2022-11-20 00:00:00+00:00,11317.372176629737
2022-11-21 00:00:00+00:00,11625.48200551843
2022-11-22 00:00:00+00:00,11883.215655774113
2022-11-23 00:00:00+00:00,11883.215655774113
2022-11-24 00:00:00+00:00,11883.215655774113
2022-11-25 00:00:00+00:00,11883.215655774113
2022-11-26 00:00:00+00:00,11883.215655774113
2022-11-27 00:00:00+00:00,11883.215655774113
2022-11-28 00:00:00+00:00,11883.215655774113
2022-11-29 00:00:00+00:00,11883.215655774113
2022-11-30 00:00:00+00:00,11883.215655774113
2022-12-01 00:00:00+00:00,11883.215655774113
2022-12-02 00:00:00+00:00,11883.215655774113
2022-12-03 00:00:00+00:00,11883.215655774113
2022-12-04 00:00:00+00:00,11883.215655774113
2022-12-05 00:00:00+00:00,11883.215655774113
2022-12-06 00:00:00+00:00,11883.215655774113
2022-12-07 00:00:00+00:00,11883.215655774113
2022-12-08 00:00:00+00:00,11883.215655774113
2022-12-09 00:00:00+00:00,11883.215655774113
2022-12-10 00:00:00+00:00,11883.215655774113
2022-12-11 00:00:00+00:00,11883.215655774113
2022-12-12 00:00:00+00:00,11883.215655774113
2022-12-13 00:00:00+00:00,11883.215655774113
2022-12-14 00:00:00+00:00,11883.215655774113
2022-12-15 00:00:00+00:00,11883.215655774113
2022-12-16 00:00:00+00:00,11883.215655774113
2022-12-17 00:00:00+00:00,11883.215655774113
2022-12-18 00:00:00+00:00,11658.924893902236
2022-12-19 00:00:00+00:00,11970.98857843212
2022-12-20 00:00:00+00:00,11970.98857843212
2022-12-21 00:00:00+00:00,11970.98857843212
2022-12-22 00:00:00+00:00,11970.98857843212
2022-12-23 00:00:00+00:00,11970.98857843212
2022-12-24 00:00:00+00:00,11970.98857843212
2022-12-25 00:00:00+00:00,11970.98857843212
2022-12-26 00:00:00+00:00,11970.98857843212
2022-12-27 00:00:00+00:00,11970.98857843212
2022-12-28 00:00:00+00:00,11970.98857843212
2022-12-29 00:00:00+00:00,11970.98857843212
2022-12-30 00:00:00+00:00,11970.98857843212
2022-12-31 00:00:00+00:00,11970.98857843212
2023-01-01 00:00:00+00:00,11970.98857843212
2023-01-02 00:00:00+00:00,11970.98857843212
2023-01-03 00:00:00+00:00,11970.98857843212
2023-01-04 00:00:00+00:00,11970.98857843212
2023-01-05 00:00:00+00:00,11970.98857843212
2023-01-06 00:00:00+00:00,11970.98857843212
2023-01-07 00:00:00+00:00,11970.98857843212
2023-01-08 00:00:00+00:00,11970.98857843212
2023-01-09 00:00:00+00:00,11970.98857843212
2023-01-10 00:00:00+00:00,12279.54086404115
2023-01-11 00:00:00+00:00,12859.999347984185
2023-01-12 00:00:00+00:00,13559.568909464964
2023-01-13 00:00:00+00:00,14215.158485300612
2023-01-14 00:00:00+00:00,14116.015469781456
2023-01-15 00:00:00+00:00,14285.824861453884
2023-01-16 00:00:00+00:00,14208.743705516565
2023-01-17 00:00:00+00:00,13859.120032474792
2023-01-18 00:00:00+00:00,14081.313296610684
2023-01-19 00:00:00+00:00,14081.313296610684
2023-01-20 00:00:00+00:00,14111.240703353149
2023-01-21 00:00:00+00:00,14022.117272463449
2023-01-22 00:00:00+00:00,14108.656795725245
2023-01-23 00:00:00+00:00,13892.024155453524
2023-01-24 00:00:00+00:00,14112.697318983983
2023-01-25 00:00:00+00:00,14112.697318983983
2023-01-26 00:00:00+00:00,14112.697318983983
2023-01-27 00:00:00+00:00,14112.697318983983
2023-01-28 00:00:00+00:00,14112.697318983983
2023-01-29 00:00:00+00:00,13526.61272571751
2023-01-30 00:00:00+00:00,13526.61272571751
2023-01-31 00:00:00+00:00,13526.61272571751
2023-02-01 00:00:00+00:00,13526.61272571751
2023-02-02 00:00:00+00:00,13526.61272571751
2023-02-03 00:00:00+00:00,13526.61272571751
2023-02-04 00:00:00+00:00,13526.61272571751
2023-02-05 00:00:00+00:00,13526.61272571751
2023-02-06 00:00:00+00:00,13796.9527344878
2023-02-07 00:00:00+00:00,13796.9527344878
2023-02-08 00:00:00+00:00,13796.9527344878
2023-02-09 00:00:00+00:00,13674.859903421295
2023-02-10 00:00:00+00:00,13811.199555790297
2023-02-11 00:00:00+00:00,13747.493550099196
2023-02-12 00:00:00+00:00,13727.70262190652
2023-02-13 00:00:00+00:00,13982.329345732
2023-02-14 00:00:00+00:00,13982.329345732
2023-02-15 00:00:00+00:00,13477.577206099624
2023-02-16 00:00:00+00:00,14039.272296227204
2023-02-17 00:00:00+00:00,14032.523744058888
2023-02-18 00:00:00+00:00,13785.544997432264
2023-02-19 00:00:00+00:00,14067.700204207345
2023-02-20 00:00:00+00:00,14067.700204207345
2023-02-21 00:00:00+00:00,14067.700204207345
2023-02-22 00:00:00+00:00,14067.700204207345
2023-02-23 00:00:00+00:00,14067.700204207345
2023-02-24 00:00:00+00:00,14036.511523938963
2023-02-25 00:00:00+00:00,14263.459148933749
2023-02-26 00:00:00+00:00,14263.459148933749
2023-02-27 00:00:00+00:00,14263.459148933749
2023-02-28 00:00:00+00:00,14263.459148933749
2023-03-01 00:00:00+00:00,14263.459148933749
2023-03-02 00:00:00+00:00,14263.459148933749
2023-03-03 00:00:00+00:00,14244.233296185064
2023-03-04 00:00:00+00:00,14283.288488331176
2023-03-05 00:00:00+00:00,14256.115937116636
2023-03-06 00:00:00+00:00,14107.031011797983
2023-03-07 00:00:00+00:00,13780.072078353194
2023-03-08 00:00:00+00:00,12913.945595453099
2023-03-09 00:00:00+00:00,12766.937666941854
2023-03-10 00:00:00+00:00,12947.332793406513
2023-03-11 00:00:00+00:00,13909.49801045799
2023-03-12 00:00:00+00:00,13909.49801045799
2023-03-13 00:00:00+00:00,14188.551435020836
2023-03-14 00:00:00+00:00,13925.045621727364
2023-03-15 00:00:00+00:00,14291.556989966084
2023-03-16 00:00:00+00:00,15616.604953362612
2023-03-17 00:00:00+00:00,15292.200397357741
2023-03-18 00:00:00+00:00,15850.905655566707
2023-03-19 00:00:00+00:00,15658.594476844153
2023-03-20 00:00:00+00:00,15830.756094963712
2023-03-21 00:00:00+00:00,15302.685693319301
2023-03-22 00:00:00+00:00,15302.685693319301
2023-03-23 00:00:00+00:00,14802.671211111845
2023-03-24 00:00:00+00:00,14802.671211111845
2023-03-25 00:00:00+00:00,14802.671211111845
2023-03-26 00:00:00+00:00,14802.671211111845
2023-03-27 00:00:00+00:00,14802.671211111845
2023-03-28 00:00:00+00:00,14802.671211111845
2023-03-29 00:00:00+00:00,14802.671211111845
2023-03-30 00:00:00+00:00,14802.671211111845
2023-03-31 00:00:00+00:00,14802.671211111845
2023-04-01 00:00:00+00:00,14612.37092248297
2023-04-02 00:00:00+00:00,14612.37092248297
2023-04-03 00:00:00+00:00,14612.37092248297
2023-04-04 00:00:00+00:00,14612.37092248297
2023-04-05 00:00:00+00:00,14612.37092248297
2023-04-06 00:00:00+00:00,14612.37092248297
2023-04-07 00:00:00+00:00,14612.37092248297
2023-04-08 00:00:00+00:00,14612.37092248297
2023-04-09 00:00:00+00:00,14612.37092248297
2023-04-10 00:00:00+00:00,14845.745346519187
2023-04-11 00:00:00+00:00,14647.902590198499
2023-04-12 00:00:00+00:00,14841.68118535023
2023-04-13 00:00:00+00:00,14842.582264194996
2023-04-14 00:00:00+00:00,14714.472132055673
2023-04-15 00:00:00+00:00,14714.472132055673
2023-04-16 00:00:00+00:00,14714.472132055673
2023-04-17 00:00:00+00:00,14714.472132055673
2023-04-18 00:00:00+00:00,14714.472132055673
2023-04-19 00:00:00+00:00,14417.095151046477
2023-04-20 00:00:00+00:00,13902.262656149662
2023-04-21 00:00:00+00:00,14170.720858481343
2023-04-22 00:00:00+00:00,14041.342340162697
2023-04-23 00:00:00+00:00,13986.76880379407
2023-04-24 00:00:00+00:00,14374.14496581296
2023-04-25 00:00:00+00:00,14374.14496581296
2023-04-26 00:00:00+00:00,14374.14496581296
2023-04-27 00:00:00+00:00,14252.59216963504
2023-04-28 00:00:00+00:00,14170.393563209387
2023-04-29 00:00:00+00:00,14129.225459477198
2023-04-30 00:00:00+00:00,14129.225459477198
2023-05-01 00:00:00+00:00,14129.225459477198
2023-05-02 00:00:00+00:00,14290.594853512779
2023-05-03 00:00:00+00:00,14290.594853512779
2023-05-04 00:00:00+00:00,14290.594853512779
2023-05-05 00:00:00+00:00,14290.594853512779
2023-05-06 00:00:00+00:00,14290.594853512779
2023-05-07 00:00:00+00:00,14290.594853512779
2023-05-08 00:00:00+00:00,14255.379498732314
2023-05-09 00:00:00+00:00,14225.893158021434
2023-05-10 00:00:00+00:00,13887.019525346599
2023-05-11 00:00:00+00:00,13783.772870494005
2023-05-12 00:00:00+00:00,13759.837864464627
2023-05-13 00:00:00+00:00,13819.183175936549
2023-05-14 00:00:00+00:00,13930.827888066025
2023-05-15 00:00:00+00:00,13930.827888066025
2023-05-16 00:00:00+00:00,13930.827888066025
2023-05-17 00:00:00+00:00,13930.827888066025
2023-05-18 00:00:00+00:00,13930.827888066025
2023-05-19 00:00:00+00:00,13930.827888066025
2023-05-20 00:00:00+00:00,13930.827888066025
2023-05-21 00:00:00+00:00,13930.827888066025
2023-05-22 00:00:00+00:00,13930.827888066025
2023-05-23 00:00:00+00:00,13930.827888066025
2023-05-24 00:00:00+00:00,13930.827888066025
2023-05-25 00:00:00+00:00,13930.827888066025
2023-05-26 00:00:00+00:00,13930.827888066025
2023-05-27 00:00:00+00:00,13930.827888066025
2023-05-28 00:00:00+00:00,13930.827888066025
2023-05-29 00:00:00+00:00,13867.979166887882
2023-05-30 00:00:00+00:00,13584.357440719654
2023-05-31 00:00:00+00:00,13584.357440719654
2023-06-01 00:00:00+00:00,13584.357440719654
2023-06-02 00:00:00+00:00,13584.357440719654
2023-06-03 00:00:00+00:00,13584.357440719654
2023-06-04 00:00:00+00:00,13584.357440719654
2023-06-05 00:00:00+00:00,14363.354327366027
2023-06-06 00:00:00+00:00,14363.354327366027
2023-06-07 00:00:00+00:00,14435.793349770021
2023-06-08 00:00:00+00:00,14435.793349770021
2023-06-09 00:00:00+00:00,14435.793349770021
2023-06-10 00:00:00+00:00,14435.793349770021
2023-06-11 00:00:00+00:00,14410.019213464759
2023-06-12 00:00:00+00:00,14410.019213464759
2023-06-13 00:00:00+00:00,14410.019213464759
2023-06-14 00:00:00+00:00,14664.925985830789
2023-06-15 00:00:00+00:00,14664.925985830789
2023-06-16 00:00:00+00:00,14664.925985830789
2023-06-17 00:00:00+00:00,14664.925985830789
2023-06-18 00:00:00+00:00,14664.925985830789
2023-06-19 00:00:00+00:00,15419.31833882583
2023-06-20 00:00:00+00:00,16289.998212560684
2023-06-21 00:00:00+00:00,16182.042350404045
2023-06-22 00:00:00+00:00,16567.97316171684
2023-06-23 00:00:00+00:00,16431.45015224093
2023-06-24 00:00:00+00:00,16347.353712123157
2023-06-25 00:00:00+00:00,16194.009582902487
2023-06-26 00:00:00+00:00,16194.009582902487
2023-06-27 00:00:00+00:00,16194.009582902487
2023-06-28 00:00:00+00:00,16194.009582902487
2023-06-29 00:00:00+00:00,16194.009582902487
2023-06-30 00:00:00+00:00,16194.009582902487
2023-07-01 00:00:00+00:00,16194.009582902487
2023-07-02 00:00:00+00:00,16194.009582902487
2023-07-03 00:00:00+00:00,15943.190807939838
2023-07-04 00:00:00+00:00,15943.190807939838
2023-07-05 00:00:00+00:00,15943.190807939838
2023-07-06 00:00:00+00:00,15943.190807939838
2023-07-07 00:00:00+00:00,15943.190807939838
2023-07-08 00:00:00+00:00,15943.190807939838
2023-07-09 00:00:00+00:00,15943.190807939838
2023-07-10 00:00:00+00:00,15943.190807939838
2023-07-11 00:00:00+00:00,15943.190807939838
2023-07-12 00:00:00+00:00,15943.190807939838
2023-07-13 00:00:00+00:00,15943.190807939838
2023-07-14 00:00:00+00:00,15943.190807939838
2023-07-15 00:00:00+00:00,15943.190807939838
2023-07-16 00:00:00+00:00,15943.190807939838
2023-07-17 00:00:00+00:00,15943.190807939838
2023-07-18 00:00:00+00:00,15953.9663244098
2023-07-19 00:00:00+00:00,15953.9663244098
2023-07-20 00:00:00+00:00,15953.9663244098
2023-07-21 00:00:00+00:00,15953.9663244098
2023-07-22 00:00:00+00:00,15953.9663244098
2023-07-23 00:00:00+00:00,15953.9663244098
2023-07-24 00:00:00+00:00,15966.648285727559
2023-07-25 00:00:00+00:00,15966.648285727559
2023-07-26 00:00:00+00:00,15966.648285727559
2023-07-27 00:00:00+00:00,16000.565652809591
2023-07-28 00:00:00+00:00,16005.702906729137
2023-07-29 00:00:00+00:00,16005.702906729137
2023-07-30 00:00:00+00:00,16005.702906729137
2023-07-31 00:00:00+00:00,16005.702906729137
2023-08-01 00:00:00+00:00,16005.702906729137
2023-08-02 00:00:00+00:00,16005.702906729137
2023-08-03 00:00:00+00:00,16005.702906729137
2023-08-04 00:00:00+00:00,16005.702906729137
2023-08-05 00:00:00+00:00,16005.702906729137
2023-08-06 00:00:00+00:00,16057.137242263994
2023-08-07 00:00:00+00:00,16057.137242263994
2023-08-08 00:00:00+00:00,16057.137242263994
2023-08-09 00:00:00+00:00,16057.137242263994
2023-08-10 00:00:00+00:00,16057.137242263994
2023-08-11 00:00:00+00:00,16057.137242263994
2023-08-12 00:00:00+00:00,16057.137242263994
2023-08-13 00:00:00+00:00,16057.137242263994
2023-08-14 00:00:00+00:00,16057.137242263994
2023-08-15 00:00:00+00:00,16057.137242263994
2023-08-16 00:00:00+00:00,16057.137242263994
2023-08-17 00:00:00+00:00,15697.820840104658
2023-08-18 00:00:00+00:00,15709.822825507134
2023-08-19 00:00:00+00:00,15748.23778473569
2023-08-20 00:00:00+00:00,15694.576189103958
2023-08-21 00:00:00+00:00,15636.293076547068
2023-08-22 00:00:00+00:00,15846.606753563956
2023-08-23 00:00:00+00:00,15846.606753563956
2023-08-24 00:00:00+00:00,15846.606753563956
2023-08-25 00:00:00+00:00,15846.606753563956
2023-08-26 00:00:00+00:00,15846.606753563956
2023-08-27 00:00:00+00:00,15846.606753563956
2023-08-28 00:00:00+00:00,16798.742701707077
2023-08-29 00:00:00+00:00,16496.385500893583
2023-08-30 00:00:00+00:00,16496.385500893583
2023-08-31 00:00:00+00:00,16496.385500893583
2023-09-01 00:00:00+00:00,16496.385500893583
2023-09-02 00:00:00+00:00,16496.385500893583
2023-09-03 00:00:00+00:00,16387.70528284271
2023-09-04 00:00:00+00:00,16349.796477352436
2023-09-05 00:00:00+00:00,16349.796477352436
2023-09-06 00:00:00+00:00,16349.796477352436
2023-09-07 00:00:00+00:00,16349.796477352436
2023-09-08 00:00:00+00:00,16349.796477352436
2023-09-09 00:00:00+00:00,16349.796477352436
2023-09-10 00:00:00+00:00,16349.796477352436
2023-09-11 00:00:00+00:00,16349.796477352436
2023-09-12 00:00:00+00:00,16349.796477352436
2023-09-13 00:00:00+00:00,16349.796477352436
2023-09-14 00:00:00+00:00,16349.796477352436
2023-09-15 00:00:00+00:00,16349.796477352436
2023-09-16 00:00:00+00:00,16280.987660155095
2023-09-17 00:00:00+00:00,16280.987660155095
2023-09-18 00:00:00+00:00,16280.987660155095
2023-09-19 00:00:00+00:00,16280.987660155095
2023-09-20 00:00:00+00:00,16280.987660155095
2023-09-21 00:00:00+00:00,16280.987660155095
2023-09-22 00:00:00+00:00,16280.987660155095
2023-09-23 00:00:00+00:00,16280.987660155095
2023-09-24 00:00:00+00:00,16299.682645543644
2023-09-25 00:00:00+00:00,16299.682645543644
2023-09-26 00:00:00+00:00,16299.682645543644
2023-09-27 00:00:00+00:00,16299.682645543644
2023-09-28 00:00:00+00:00,16299.682645543644
2023-09-29 00:00:00+00:00,16299.682645543644
2023-09-30 00:00:00+00:00,16299.682645543644
2023-10-01 00:00:00+00:00,15961.213239021217
2023-10-02 00:00:00+00:00,15961.213239021217
2023-10-03 00:00:00+00:00,15961.213239021217
2023-10-04 00:00:00+00:00,15961.213239021217
2023-10-05 00:00:00+00:00,15961.213239021217
2023-10-06 00:00:00+00:00,15961.213239021217
2023-10-07 00:00:00+00:00,15961.213239021217
2023-10-08 00:00:00+00:00,15961.213239021217
2023-10-09 00:00:00+00:00,15961.213239021217
2023-10-10 00:00:00+00:00,15961.213239021217
2023-10-11 00:00:00+00:00,15876.452103479322
2023-10-12 00:00:00+00:00,15921.273296634912
2023-10-13 00:00:00+00:00,15899.704324009874
2023-10-14 00:00:00+00:00,15899.704324009874
2023-10-15 00:00:00+00:00,15899.704324009874
2023-10-16 00:00:00+00:00,15793.597155322046
2023-10-17 00:00:00+00:00,15704.066984428386
2023-10-18 00:00:00+00:00,15874.956174758056
2023-10-19 00:00:00+00:00,16354.720788364895
2023-10-20 00:00:00+00:00,16438.182006543124
2023-10-21 00:00:00+00:00,16434.23681990511
2023-10-22 00:00:00+00:00,18068.732747340575
2023-10-23 00:00:00+00:00,18479.75577162309
2023-10-24 00:00:00+00:00,18736.179379080037
2023-10-25 00:00:00+00:00,18493.208760898186
2023-10-26 00:00:00+00:00,18297.353499243884
2023-10-27 00:00:00+00:00,18344.342616366815
2023-10-28 00:00:00+00:00,18528.424915007352
2023-10-29 00:00:00+00:00,18528.424915007352
2023-10-30 00:00:00+00:00,18528.424915007352
2023-10-31 00:00:00+00:00,18528.424915007352
2023-11-01 00:00:00+00:00,18222.228084326078
2023-11-02 00:00:00+00:00,18222.228084326078
2023-11-03 00:00:00+00:00,18222.228084326078
2023-11-04 00:00:00+00:00,18222.228084326078
2023-11-05 00:00:00+00:00,18222.228084326078
2023-11-06 00:00:00+00:00,18222.228084326078
2023-11-07 00:00:00+00:00,18222.228084326078
2023-11-08 00:00:00+00:00,18222.228084326078
2023-11-09 00:00:00+00:00,18465.293754831102
2023-11-10 00:00:00+00:00,18325.073114932406
2023-11-11 00:00:00+00:00,18237.646445122075
2023-11-12 00:00:00+00:00,17887.56183959003
2023-11-13 00:00:00+00:00,17887.56183959003
2023-11-14 00:00:00+00:00,17887.56183959003
2023-11-15 00:00:00+00:00,17887.56183959003
2023-11-16 00:00:00+00:00,17887.56183959003
2023-11-17 00:00:00+00:00,17887.56183959003
2023-11-18 00:00:00+00:00,17887.56183959003
2023-11-19 00:00:00+00:00,17876.418346848277
2023-11-20 00:00:00+00:00,17876.418346848277
2023-11-21 00:00:00+00:00,17876.418346848277
2023-11-22 00:00:00+00:00,17876.418346848277
2023-11-23 00:00:00+00:00,17876.418346848277
2023-11-24 00:00:00+00:00,17876.418346848277
2023-11-25 00:00:00+00:00,17876.418346848277
2023-11-26 00:00:00+00:00,17876.418346848277
2023-11-27 00:00:00+00:00,17876.418346848277
2023-11-28 00:00:00+00:00,17876.418346848277
2023-11-29 00:00:00+00:00,17876.418346848277
2023-11-30 00:00:00+00:00,17876.418346848277
2023-12-01 00:00:00+00:00,17876.418346848277
2023-12-02 00:00:00+00:00,18058.940202192698
2023-12-03 00:00:00+00:00,18915.49004124759
2023-12-04 00:00:00+00:00,19795.312253306474
2023-12-05 00:00:00+00:00,19596.627503332125
2023-12-06 00:00:00+00:00,19318.95905789645
2023-12-07 00:00:00+00:00,19661.248979726042
2023-12-08 00:00:00+00:00,19398.988384094006
2023-12-09 00:00:00+00:00,19374.437540023548
2023-12-10 00:00:00+00:00,19374.437540023548
2023-12-11 00:00:00+00:00,19467.23760769805
2023-12-12 00:00:00+00:00,19467.23760769805
2023-12-13 00:00:00+00:00,19467.23760769805
2023-12-14 00:00:00+00:00,19467.23760769805
2023-12-15 00:00:00+00:00,19604.44476927065
2023-12-16 00:00:00+00:00,19604.44476927065
2023-12-17 00:00:00+00:00,19604.44476927065
2023-12-18 00:00:00+00:00,19604.44476927065
2023-12-19 00:00:00+00:00,19604.44476927065
2023-12-20 00:00:00+00:00,19604.44476927065
2023-12-21 00:00:00+00:00,19604.44476927065
2023-12-22 00:00:00+00:00,19426.82607122504
2023-12-23 00:00:00+00:00,19426.82607122504
2023-12-24 00:00:00+00:00,19426.82607122504
2023-12-25 00:00:00+00:00,19426.82607122504
2023-12-26 00:00:00+00:00,19426.82607122504
2023-12-27 00:00:00+00:00,19426.82607122504
2023-12-28 00:00:00+00:00,19426.82607122504
2023-12-29 00:00:00+00:00,19426.82607122504
2023-12-30 00:00:00+00:00,19473.418301648962
2023-12-31 00:00:00+00:00,19473.418301648962
2024-01-01 00:00:00+00:00,19473.418301648962
2024-01-02 00:00:00+00:00,18505.812381611482
2024-01-03 00:00:00+00:00,18505.812381611482
2024-01-04 00:00:00+00:00,18505.812381611482
2024-01-05 00:00:00+00:00,18505.812381611482
2024-01-06 00:00:00+00:00,18505.812381611482
2024-01-07 00:00:00+00:00,18505.812381611482
2024-01-08 00:00:00+00:00,18119.30428693791
2024-01-09 00:00:00+00:00,18278.400243681594
2024-01-10 00:00:00+00:00,18100.41301752382
2024-01-11 00:00:00+00:00,16659.036453895475
2024-01-12 00:00:00+00:00,16659.036453895475
2024-01-13 00:00:00+00:00,16208.8321730537
2024-01-14 00:00:00+00:00,16494.93011759213
2024-01-15 00:00:00+00:00,16721.532196067703
2024-01-16 00:00:00+00:00,16564.608852638106
2024-01-17 00:00:00+00:00,16564.608852638106
2024-01-18 00:00:00+00:00,16680.851065097188
2024-01-19 00:00:00+00:00,16680.851065097188
2024-01-20 00:00:00+00:00,16680.851065097188
2024-01-21 00:00:00+00:00,15857.284123921048
2024-01-22 00:00:00+00:00,15973.435321543788
2024-01-23 00:00:00+00:00,16032.395944108333
2024-01-24 00:00:00+00:00,15966.869117726043
2024-01-25 00:00:00+00:00,16694.67109922749
2024-01-26 00:00:00+00:00,16694.67109922749
2024-01-27 00:00:00+00:00,16609.14725916414
2024-01-28 00:00:00+00:00,17061.080523566146
2024-01-29 00:00:00+00:00,16867.65057505886
2024-01-30 00:00:00+00:00,16675.425421120908
2024-01-31 00:00:00+00:00,16675.425421120908
2024-02-01 00:00:00+00:00,16675.425421120908
2024-02-02 00:00:00+00:00,16675.425421120908
2024-02-03 00:00:00+00:00,16675.425421120908
2024-02-04 00:00:00+00:00,16675.425421120908
2024-02-05 00:00:00+00:00,16675.425421120908
2024-02-06 00:00:00+00:00,16675.425421120908
2024-02-07 00:00:00+00:00,16675.425421120908
2024-02-08 00:00:00+00:00,17303.400173344853
2024-02-09 00:00:00+00:00,17478.156111176108
2024-02-10 00:00:00+00:00,17626.34096581454
2024-02-11 00:00:00+00:00,18162.787293782127
2024-02-12 00:00:00+00:00,18029.222217904553
2024-02-13 00:00:00+00:00,18734.204633971207
2024-02-14 00:00:00+00:00,18708.64821179913
2024-02-15 00:00:00+00:00,18740.429076119566
2024-02-16 00:00:00+00:00,18511.37153225139
2024-02-17 00:00:00+00:00,18633.024743731035
2024-02-18 00:00:00+00:00,18447.621538694297
2024-02-19 00:00:00+00:00,18447.621538694297
2024-02-20 00:00:00+00:00,18447.621538694297
2024-02-21 00:00:00+00:00,18447.621538694297
2024-02-22 00:00:00+00:00,18447.621538694297
2024-02-23 00:00:00+00:00,18447.621538694297
2024-02-24 00:00:00+00:00,18447.621538694297
2024-02-25 00:00:00+00:00,18447.621538694297
2024-02-26 00:00:00+00:00,19258.186904376038
2024-02-27 00:00:00+00:00,21019.186809726736
2024-02-28 00:00:00+00:00,20518.74496855713
2024-02-29 00:00:00+00:00,20878.45427454733
2024-03-01 00:00:00+00:00,20681.96069943178
2024-03-02 00:00:00+00:00,20995.27985550448
2024-03-03 00:00:00+00:00,22636.851982873155
2024-03-04 00:00:00+00:00,21071.370418064787
2024-03-05 00:00:00+00:00,21784.076893570833
2024-03-06 00:00:00+00:00,21965.347310839796
2024-03-07 00:00:00+00:00,22326.477378411782
2024-03-08 00:00:00+00:00,22321.383756655134
2024-03-09 00:00:00+00:00,22321.383756655134
2024-03-10 00:00:00+00:00,23263.594411478283
2024-03-11 00:00:00+00:00,22992.044355260037
2024-03-12 00:00:00+00:00,23443.71507666763
2024-03-13 00:00:00+00:00,22834.10030821235
2024-03-14 00:00:00+00:00,22162.280832916716
2024-03-15 00:00:00+00:00,22162.280832916716
2024-03-16 00:00:00+00:00,23189.259733282113
2024-03-17 00:00:00+00:00,22900.54439204685
2024-03-18 00:00:00+00:00,20957.200498773756
2024-03-19 00:00:00+00:00,22932.615322816095
2024-03-20 00:00:00+00:00,22932.615322816095
2024-03-21 00:00:00+00:00,22932.615322816095
2024-03-22 00:00:00+00:00,22979.146065687666
2024-03-23 00:00:00+00:00,24111.888294554257
2024-03-24 00:00:00+00:00,24996.010108949296
2024-03-25 00:00:00+00:00,24996.010108949296
2024-03-26 00:00:00+00:00,24736.306231827923
2024-03-27 00:00:00+00:00,25128.081204310896
2024-03-28 00:00:00+00:00,24723.020613435383
2024-03-29 00:00:00+00:00,24723.020613435383
2024-03-30 00:00:00+00:00,24723.020613435383
2024-03-31 00:00:00+00:00,24723.020613435383
2024-04-01 00:00:00+00:00,24723.020613435383
2024-04-02 00:00:00+00:00,24886.75188010012
2024-04-03 00:00:00+00:00,25813.8279224067
2024-04-04 00:00:00+00:00,25813.8279224067
2024-04-05 00:00:00+00:00,26197.10656812015
2024-04-06 00:00:00+00:00,26197.10656812015
2024-04-07 00:00:00+00:00,26970.69311570889
2024-04-08 00:00:00+00:00,25959.53146824758
2024-04-09 00:00:00+00:00,25959.53146824758
2024-04-10 00:00:00+00:00,25959.53146824758
2024-04-11 00:00:00+00:00,25959.53146824758
2024-04-12 00:00:00+00:00,24699.56155863242
2024-04-13 00:00:00+00:00,25345.794362901666
2024-04-14 00:00:00+00:00,24455.503844587416
2024-04-15 00:00:00+00:00,24574.951536616147
2024-04-16 00:00:00+00:00,23581.609962478455
2024-04-17 00:00:00+00:00,24401.423390545515
2024-04-18 00:00:00+00:00,24401.423390545515
2024-04-19 00:00:00+00:00,24806.02408228528
2024-04-20 00:00:00+00:00,24806.02408228528
2024-04-21 00:00:00+00:00,24806.02408228528
2024-04-22 00:00:00+00:00,24581.372928036562
2024-04-23 00:00:00+00:00,24581.372928036562
2024-04-24 00:00:00+00:00,24581.372928036562
2024-04-25 00:00:00+00:00,24581.372928036562
2024-04-26 00:00:00+00:00,24581.372928036562
2024-04-27 00:00:00+00:00,24423.848715165062
2024-04-28 00:00:00+00:00,24688.467769763574
2024-04-29 00:00:00+00:00,24688.467769763574
2024-04-30 00:00:00+00:00,23725.46710276157
2024-05-01 00:00:00+00:00,23984.367174969757
2024-05-02 00:00:00+00:00,25511.455167180506
2024-05-03 00:00:00+00:00,25511.455167180506
2024-05-04 00:00:00+00:00,25511.455167180506
2024-05-05 00:00:00+00:00,25097.950474253823
2024-05-06 00:00:00+00:00,24684.20416812384
2024-05-07 00:00:00+00:00,24684.20416812384
2024-05-08 00:00:00+00:00,25417.88248732005
2024-05-09 00:00:00+00:00,25417.88248732005
2024-05-10 00:00:00+00:00,25403.315946720533
2024-05-11 00:00:00+00:00,25652.56896194711
2024-05-12 00:00:00+00:00,25652.56896194711
2024-05-13 00:00:00+00:00,25652.56896194711
2024-05-14 00:00:00+00:00,25652.56896194711
2024-05-15 00:00:00+00:00,25199.849466473628
2024-05-16 00:00:00+00:00,25814.221903546437
2024-05-17 00:00:00+00:00,25694.95077668486
2024-05-18 00:00:00+00:00,25372.03566431587
2024-05-19 00:00:00+00:00,27273.2209504723
2024-05-20 00:00:00+00:00,26696.56740612939
2024-05-21 00:00:00+00:00,26243.43511919627
2024-05-22 00:00:00+00:00,26243.43511919627
2024-05-23 00:00:00+00:00,26243.43511919627
2024-05-24 00:00:00+00:00,26243.43511919627
2024-05-25 00:00:00+00:00,26243.43511919627
2024-05-26 00:00:00+00:00,26243.43511919627
2024-05-27 00:00:00+00:00,26243.43511919627
2024-05-28 00:00:00+00:00,26243.43511919627
2024-05-29 00:00:00+00:00,26243.43511919627
2024-05-30 00:00:00+00:00,26243.43511919627
2024-05-31 00:00:00+00:00,26243.43511919627
2024-06-01 00:00:00+00:00,26243.43511919627
2024-06-02 00:00:00+00:00,26243.43511919627
2024-06-03 00:00:00+00:00,26243.43511919627
2024-06-04 00:00:00+00:00,26243.43511919627
2024-06-05 00:00:00+00:00,26050.870134615714
2024-06-06 00:00:00+00:00,25442.398611303408
2024-06-07 00:00:00+00:00,25442.398611303408
2024-06-08 00:00:00+00:00,25442.398611303408
2024-06-09 00:00:00+00:00,25442.398611303408
2024-06-10 00:00:00+00:00,25442.398611303408
2024-06-11 00:00:00+00:00,25775.735688212037
2024-06-12 00:00:00+00:00,25775.735688212037
2024-06-13 00:00:00+00:00,25468.67141267488
2024-06-14 00:00:00+00:00,25514.21098278476
2024-06-15 00:00:00+00:00,25661.426862579952
2024-06-16 00:00:00+00:00,25661.426862579952
2024-06-17 00:00:00+00:00,25123.196148664425
2024-06-18 00:00:00+00:00,25020.638761247315
2024-06-19 00:00:00+00:00,24955.430584060447
2024-06-20 00:00:00+00:00,24651.145534070878
2024-06-21 00:00:00+00:00,24671.981046251723
2024-06-22 00:00:00+00:00,24243.606685576964
2024-06-23 00:00:00+00:00,23101.23408105723
2024-06-24 00:00:00+00:00,23657.422439274163
2024-06-25 00:00:00+00:00,23273.740213998335
2024-06-26 00:00:00+00:00,23572.061476948573
2024-06-27 00:00:00+00:00,23060.281498244018
2024-06-28 00:00:00+00:00,23250.36570484295
2024-06-29 00:00:00+00:00,23250.36570484295
2024-06-30 00:00:00+00:00,23250.36570484295
2024-07-01 00:00:00+00:00,23250.36570484295
2024-07-02 00:00:00+00:00,23250.36570484295
2024-07-03 00:00:00+00:00,23250.36570484295
2024-07-04 00:00:00+00:00,23055.52412289272
2024-07-05 00:00:00+00:00,23684.09124282367
2024-07-06 00:00:00+00:00,22695.978398180476
2024-07-07 00:00:00+00:00,23021.233307649618
2024-07-08 00:00:00+00:00,23539.978118014747
2024-07-09 00:00:00+00:00,23539.978118014747
2024-07-10 00:00:00+00:00,23539.978118014747
2024-07-11 00:00:00+00:00,23539.978118014747
2024-07-12 00:00:00+00:00,23539.978118014747
2024-07-13 00:00:00+00:00,23539.978118014747
2024-07-14 00:00:00+00:00,23539.978118014747
2024-07-15 00:00:00+00:00,23585.52401722908
2024-07-16 00:00:00+00:00,23168.645020267475
2024-07-17 00:00:00+00:00,23063.02830499629
2024-07-18 00:00:00+00:00,23955.498639217567
2024-07-19 00:00:00+00:00,24055.86794874244
2024-07-20 00:00:00+00:00,24350.549329564572
2024-07-21 00:00:00+00:00,24051.606073230458
2024-07-22 00:00:00+00:00,23411.898315086913
2024-07-23 00:00:00+00:00,23411.898315086913
2024-07-24 00:00:00+00:00,23411.898315086913
2024-07-25 00:00:00+00:00,23411.898315086913
2024-07-26 00:00:00+00:00,23411.898315086913
2024-07-27 00:00:00+00:00,23411.898315086913
2024-07-28 00:00:00+00:00,23411.898315086913
2024-07-29 00:00:00+00:00,23411.898315086913
2024-07-30 00:00:00+00:00,23411.898315086913
2024-07-31 00:00:00+00:00,23651.348374911897
2024-08-01 00:00:00+00:00,22233.025382142805
2024-08-02 00:00:00+00:00,21921.5851978906
2024-08-03 00:00:00+00:00,20983.856145252033
2024-08-04 00:00:00+00:00,19469.1526782296
2024-08-05 00:00:00+00:00,20171.294405005654
2024-08-06 00:00:00+00:00,19831.59360319272
2024-08-07 00:00:00+00:00,22167.24637058287
2024-08-08 00:00:00+00:00,22167.24637058287
2024-08-09 00:00:00+00:00,22167.24637058287
2024-08-10 00:00:00+00:00,21297.51050092108
2024-08-11 00:00:00+00:00,21297.51050092108
2024-08-12 00:00:00+00:00,21678.138337666667
2024-08-13 00:00:00+00:00,21678.138337666667
2024-08-14 00:00:00+00:00,21234.674244821046
2024-08-15 00:00:00+00:00,21705.30579197041
2024-08-16 00:00:00+00:00,21705.30579197041
2024-08-17 00:00:00+00:00,21705.30579197041
2024-08-18 00:00:00+00:00,22059.035983872003
2024-08-19 00:00:00+00:00,22059.035983872003
2024-08-20 00:00:00+00:00,22059.035983872003
2024-08-21 00:00:00+00:00,22059.035983872003
2024-08-22 00:00:00+00:00,22059.035983872003
2024-08-23 00:00:00+00:00,22034.065451103437
2024-08-24 00:00:00+00:00,21989.575100562965
2024-08-25 00:00:00+00:00,21449.74863754304
2024-08-26 00:00:00+00:00,21449.74863754304
2024-08-27 00:00:00+00:00,21449.74863754304
2024-08-28 00:00:00+00:00,21545.991395778157
2024-08-29 00:00:00+00:00,21439.17033037294
2024-08-30 00:00:00+00:00,21363.35560473093
2024-08-31 00:00:00+00:00,20736.55485658347
2024-09-01 00:00:00+00:00,21377.819577285853
2024-09-02 00:00:00+00:00,21377.819577285853
2024-09-03 00:00:00+00:00,21536.01637091549
2024-09-04 00:00:00+00:00,21536.01637091549
2024-09-05 00:00:00+00:00,20665.01964875379
2024-09-06 00:00:00+00:00,20720.08797773845
2024-09-07 00:00:00+00:00,20970.495278163457
2024-09-08 00:00:00+00:00,21779.224676676055
2024-09-09 00:00:00+00:00,21779.224676676055
2024-09-10 00:00:00+00:00,21779.224676676055
2024-09-11 00:00:00+00:00,22015.1594096534
2024-09-12 00:00:00+00:00,22843.682856513227
2024-09-13 00:00:00+00:00,22584.775494026206
2024-09-14 00:00:00+00:00,22193.378033528665
2024-09-15 00:00:00+00:00,22193.378033528665
2024-09-16 00:00:00+00:00,22193.378033528665
2024-09-17 00:00:00+00:00,22193.378033528665
2024-09-18 00:00:00+00:00,22193.378033528665
2024-09-19 00:00:00+00:00,22215.895790928582
2024-09-20 00:00:00+00:00,22201.173315141106
2024-09-21 00:00:00+00:00,22214.995466665474
2024-09-22 00:00:00+00:00,22065.058284773164
2024-09-23 00:00:00+00:00,22065.058284773164
2024-09-24 00:00:00+00:00,22065.058284773164
2024-09-25 00:00:00+00:00,22065.058284773164
2024-09-26 00:00:00+00:00,22065.058284773164
2024-09-27 00:00:00+00:00,22065.058284773164
2024-09-28 00:00:00+00:00,21913.23588372269
2024-09-29 00:00:00+00:00,21913.23588372269
2024-09-30 00:00:00+00:00,21913.23588372269
2024-10-01 00:00:00+00:00,21834.94032339408
2024-10-02 00:00:00+00:00,21850.312674201115
2024-10-03 00:00:00+00:00,22307.742358821462
2024-10-04 00:00:00+00:00,22275.36798848545
2024-10-05 00:00:00+00:00,22275.36798848545
2024-10-06 00:00:00+00:00,22275.36798848545
2024-10-07 00:00:00+00:00,22275.36798848545
2024-10-08 00:00:00+00:00,22275.36798848545
2024-10-09 00:00:00+00:00,22275.36798848545
2024-10-10 00:00:00+00:00,23070.042321839406
2024-10-11 00:00:00+00:00,23070.042321839406
2024-10-12 00:00:00+00:00,23070.042321839406
2024-10-13 00:00:00+00:00,23070.042321839406
2024-10-14 00:00:00+00:00,23345.98859210393
2024-10-15 00:00:00+00:00,23465.674241249464
2024-10-16 00:00:00+00:00,23326.60180491409
2024-10-17 00:00:00+00:00,23604.243848471488
2024-10-18 00:00:00+00:00,23516.22127784497
2024-10-19 00:00:00+00:00,23670.264093419195
2024-10-20 00:00:00+00:00,23670.264093419195
2024-10-21 00:00:00+00:00,23670.264093419195
2024-10-22 00:00:00+00:00,23670.264093419195
2024-10-23 00:00:00+00:00,23670.264093419195
2024-10-24 00:00:00+00:00,23670.264093419195
2024-10-25 00:00:00+00:00,23670.264093419195
2024-10-26 00:00:00+00:00,23670.264093419195
2024-10-27 00:00:00+00:00,23670.264093419195
2024-10-28 00:00:00+00:00,24536.454181024146
2024-10-29 00:00:00+00:00,24330.928301633478
2024-10-30 00:00:00+00:00,23568.610293111687
2024-10-31 00:00:00+00:00,23231.42106091208
2024-11-01 00:00:00+00:00,23231.42106091208
2024-11-02 00:00:00+00:00,23231.42106091208
2024-11-03 00:00:00+00:00,22895.553449744384
2024-11-04 00:00:00+00:00,23385.978597044046
2024-11-05 00:00:00+00:00,23385.978597044046
2024-11-06 00:00:00+00:00,23404.17230065621
2024-11-07 00:00:00+00:00,23534.795264233468
2024-11-08 00:00:00+00:00,23515.70451881934
2024-11-09 00:00:00+00:00,24575.914870723904
2024-11-10 00:00:00+00:00,27029.68292568437
2024-11-11 00:00:00+00:00,26736.714150282245
2024-11-12 00:00:00+00:00,27392.043358463914
2024-11-13 00:00:00+00:00,26386.953079825515
2024-11-14 00:00:00+00:00,27426.103712211978
2024-11-15 00:00:00+00:00,27209.925614447853
2024-11-16 00:00:00+00:00,27209.925614447853
2024-11-17 00:00:00+00:00,27209.925614447853
2024-11-18 00:00:00+00:00,27209.925614447853
2024-11-19 00:00:00+00:00,27709.822619731534
2024-11-20 00:00:00+00:00,28809.469739322092
2024-11-21 00:00:00+00:00,28891.25790820199
2024-11-22 00:00:00+00:00,28448.827212396973
2024-11-23 00:00:00+00:00,28429.699739003176
2024-11-24 00:00:00+00:00,26926.5130642135
2024-11-25 00:00:00+00:00,26926.5130642135
2024-11-26 00:00:00+00:00,28040.28409213339
2024-11-27 00:00:00+00:00,28040.28409213339
2024-11-28 00:00:00+00:00,28040.28409213339
2024-11-29 00:00:00+00:00,28040.28409213339
2024-11-30 00:00:00+00:00,28040.28409213339
2024-12-01 00:00:00+00:00,27568.820767339632
2024-12-02 00:00:00+00:00,27568.820767339632
2024-12-03 00:00:00+00:00,27568.820767339632
2024-12-04 00:00:00+00:00,27568.820767339632
2024-12-05 00:00:00+00:00,27568.820767339632
2024-12-06 00:00:00+00:00,27568.820767339632
2024-12-07 00:00:00+00:00,27568.820767339632
2024-12-08 00:00:00+00:00,26442.546177983277
2024-12-09 00:00:00+00:00,26442.546177983277
2024-12-10 00:00:00+00:00,26442.546177983277
2024-12-11 00:00:00+00:00,26442.546177983277
2024-12-12 00:00:00+00:00,26442.546177983277
2024-12-13 00:00:00+00:00,26442.546177983277
2024-12-14 00:00:00+00:00,26442.546177983277
2024-12-15 00:00:00+00:00,26766.278834594876
2024-12-16 00:00:00+00:00,26704.91308850746
2024-12-17 00:00:00+00:00,25135.03593314133
2024-12-18 00:00:00+00:00,25135.03593314133
2024-12-19 00:00:00+00:00,25198.45193169964
2024-12-20 00:00:00+00:00,25041.022574457093
2024-12-21 00:00:00+00:00,24474.269853466085
2024-12-22 00:00:00+00:00,24371.45247120826
2024-12-23 00:00:00+00:00,25318.063277564335
2024-12-24 00:00:00+00:00,25318.063277564335
2024-12-25 00:00:00+00:00,25318.063277564335
2024-12-26 00:00:00+00:00,25318.063277564335
2024-12-27 00:00:00+00:00,25318.063277564335
2024-12-28 00:00:00+00:00,25318.063277564335
2024-12-29 00:00:00+00:00,25037.311646277365
2024-12-30 00:00:00+00:00,25223.68269363522
2024-12-31 00:00:00+00:00,25472.11850359352
2025-01-01 00:00:00+00:00,25472.11850359352
2025-01-02 00:00:00+00:00,25472.11850359352
2025-01-03 00:00:00+00:00,25472.11850359352
2025-01-04 00:00:00+00:00,25432.772817357443
2025-01-05 00:00:00+00:00,26356.122935206593
2025-01-06 00:00:00+00:00,24917.681076605866
2025-01-07 00:00:00+00:00,24917.681076605866
2025-01-08 00:00:00+00:00,24235.641175385288
2025-01-09 00:00:00+00:00,24780.28906138944
2025-01-10 00:00:00+00:00,24722.519984770504
2025-01-11 00:00:00+00:00,24683.437022307677
2025-01-12 00:00:00+00:00,24683.437022307677
2025-01-13 00:00:00+00:00,24683.437022307677
2025-01-14 00:00:00+00:00,24683.437022307677
2025-01-15 00:00:00+00:00,24484.312086312468
2025-01-16 00:00:00+00:00,25410.949160250137
2025-01-17 00:00:00+00:00,25451.442545083304
2025-01-18 00:00:00+00:00,24591.319992187484
2025-01-19 00:00:00+00:00,24742.535886213576
2025-01-20 00:00:00+00:00,24742.535886213576
2025-01-21 00:00:00+00:00,24101.06108979326
2025-01-22 00:00:00+00:00,24101.06108979326
2025-01-23 00:00:00+00:00,24101.06108979326
2025-01-24 00:00:00+00:00,24101.06108979326
2025-01-25 00:00:00+00:00,24101.06108979326
2025-01-26 00:00:00+00:00,24101.06108979326
2025-01-27 00:00:00+00:00,24101.06108979326
2025-01-28 00:00:00+00:00,24101.06108979326
2025-01-29 00:00:00+00:00,24101.06108979326
2025-01-30 00:00:00+00:00,24101.06108979326
2025-01-31 00:00:00+00:00,24101.06108979326
2025-02-01 00:00:00+00:00,24101.06108979326
2025-02-02 00:00:00+00:00,24971.448209540333
2025-02-03 00:00:00+00:00,24971.448209540333
2025-02-04 00:00:00+00:00,24652.69029594105
2025-02-05 00:00:00+00:00,24613.21236524379
2025-02-06 00:00:00+00:00,24576.47167503809
2025-02-07 00:00:00+00:00,24576.47167503809
2025-02-08 00:00:00+00:00,24556.47000533481
2025-02-09 00:00:00+00:00,24556.47000533481
2025-02-10 00:00:00+00:00,24556.47000533481
2025-02-11 00:00:00+00:00,24556.47000533481
2025-02-12 00:00:00+00:00,24556.47000533481
2025-02-13 00:00:00+00:00,24556.47000533481
2025-02-14 00:00:00+00:00,24556.47000533481
2025-02-15 00:00:00+00:00,24556.47000533481
2025-02-16 00:00:00+00:00,24556.47000533481
2025-02-17 00:00:00+00:00,24504.159005352827
2025-02-18 00:00:00+00:00,24504.159005352827
2025-02-19 00:00:00+00:00,24504.159005352827
2025-02-20 00:00:00+00:00,24504.159005352827
2025-02-21 00:00:00+00:00,24504.159005352827
2025-02-22 00:00:00+00:00,24504.159005352827
2025-02-23 00:00:00+00:00,24504.159005352827
2025-02-24 00:00:00+00:00,23711.20715441602
2025-02-25 00:00:00+00:00,22503.508583595394
2025-02-26 00:00:00+00:00,22603.39689338895
2025-02-27 00:00:00+00:00,22485.13161291422
2025-02-28 00:00:00+00:00,22919.464089412686
2025-03-01 00:00:00+00:00,25080.601892647133
2025-03-02 00:00:00+00:00,22867.037826258947
2025-03-03 00:00:00+00:00,22867.037826258947
2025-03-04 00:00:00+00:00,22867.037826258947
2025-03-05 00:00:00+00:00,22628.569651973026
2025-03-06 00:00:00+00:00,22628.569651973026
2025-03-07 00:00:00+00:00,22454.98615826081
2025-03-08 00:00:00+00:00,22454.98615826081
2025-03-09 00:00:00+00:00,21838.02495650253
2025-03-10 00:00:00+00:00,23020.653559389448
2025-03-11 00:00:00+00:00,23204.906971287644
2025-03-12 00:00:00+00:00,22470.94233250377
2025-03-13 00:00:00+00:00,23242.404075741375
2025-03-14 00:00:00+00:00,23242.404075741375
2025-03-15 00:00:00+00:00,22687.310367590297
2025-03-16 00:00:00+00:00,22687.310367590297
2025-03-17 00:00:00+00:00,22687.310367590297
2025-03-18 00:00:00+00:00,22687.310367590297
2025-03-19 00:00:00+00:00,22687.310367590297
2025-03-20 00:00:00+00:00,22687.310367590297
2025-03-21 00:00:00+00:00,22687.310367590297
2025-03-22 00:00:00+00:00,22687.310367590297
2025-03-23 00:00:00+00:00,22687.310367590297
2025-03-24 00:00:00+00:00,22687.310367590297
2025-03-25 00:00:00+00:00,22687.310367590297
2025-03-26 00:00:00+00:00,22687.310367590297
2025-03-27 00:00:00+00:00,21890.146021370758
2025-03-28 00:00:00+00:00,21890.146021370758
2025-03-29 00:00:00+00:00,21799.80010868183
2025-03-30 00:00:00+00:00,21820.308361099014
2025-03-31 00:00:00+00:00,22487.587648660825
2025-04-01 00:00:00+00:00,22487.587648660825
2025-04-02 00:00:00+00:00,22487.587648660825
2025-04-03 00:00:00+00:00,22487.587648660825
2025-04-04 00:00:00+00:00,22487.587648660825
2025-04-05 00:00:00+00:00,22487.587648660825
2025-04-06 00:00:00+00:00,22675.219457581985
2025-04-07 00:00:00+00:00,21839.226413527656
2025-04-08 00:00:00+00:00,23617.12397358934
2025-04-09 00:00:00+00:00,23617.12397358934
2025-04-10 00:00:00+00:00,24725.182529677902
2025-04-11 00:00:00+00:00,25199.406277923204
2025-04-12 00:00:00+00:00,24676.247388347747
2025-04-13 00:00:00+00:00,24846.852565641584
2025-04-14 00:00:00+00:00,24846.852565641584
2025-04-15 00:00:00+00:00,24846.852565641584
2025-04-16 00:00:00+00:00,24846.852565641584
2025-04-17 00:00:00+00:00,24846.852565641584
2025-04-18 00:00:00+00:00,24846.852565641584
2025-04-19 00:00:00+00:00,24846.852565641584
2025-04-20 00:00:00+00:00,24846.852565641584
2025-04-21 00:00:00+00:00,26452.475799234257
2025-04-22 00:00:00+00:00,26443.25728765532
2025-04-23 00:00:00+00:00,26445.49534679622
2025-04-24 00:00:00+00:00,26551.11038144265
2025-04-25 00:00:00+00:00,26468.478518995384
2025-04-26 00:00:00+00:00,26143.672941874986
2025-04-27 00:00:00+00:00,26143.672941874986
2025-04-28 00:00:00+00:00,26143.672941874986
2025-04-29 00:00:00+00:00,26143.672941874986
2025-04-30 00:00:00+00:00,26143.672941874986
2025-05-01 00:00:00+00:00,26143.672941874986
2025-05-02 00:00:00+00:00,25787.546314062038
2025-05-03 00:00:00+00:00,25787.546314062038
2025-05-04 00:00:00+00:00,25787.546314062038
2025-05-05 00:00:00+00:00,25787.546314062038
2025-05-06 00:00:00+00:00,25787.546314062038
2025-05-07 00:00:00+00:00,25787.546314062038
2025-05-08 00:00:00+00:00,25637.98063842855
2025-05-09 00:00:00+00:00,26017.904446976034
2025-05-10 00:00:00+00:00,25768.455835156536
2025-05-11 00:00:00+00:00,25363.311949257426
2025-05-12 00:00:00+00:00,25610.5781157913
2025-05-13 00:00:00+00:00,25610.5781157913
2025-05-14 00:00:00+00:00,25610.5781157913
2025-05-15 00:00:00+00:00,25610.5781157913
2025-05-16 00:00:00+00:00,25610.5781157913
2025-05-17 00:00:00+00:00,25610.5781157913
2025-05-18 00:00:00+00:00,25610.5781157913
2025-05-19 00:00:00+00:00,25610.5781157913
2025-05-20 00:00:00+00:00,25610.5781157913
2025-05-21 00:00:00+00:00,26012.396721623212
2025-05-22 00:00:00+00:00,24916.35080913136
2025-05-23 00:00:00+00:00,24916.35080913136
2025-05-24 00:00:00+00:00,24916.35080913136
2025-05-25 00:00:00+00:00,24916.35080913136
2025-05-26 00:00:00+00:00,24916.35080913136
2025-05-27 00:00:00+00:00,24916.35080913136
2025-05-28 00:00:00+00:00,24916.35080913136
2025-05-29 00:00:00+00:00,24916.35080913136
2025-05-30 00:00:00+00:00,25036.651054611495
2025-05-31 00:00:00+00:00,25263.07075210245
2025-06-01 00:00:00+00:00,25263.07075210245
2025-06-02 00:00:00+00:00,25263.07075210245
2025-06-03 00:00:00+00:00,25263.07075210245
2025-06-04 00:00:00+00:00,25263.07075210245
2025-06-05 00:00:00+00:00,25929.264250325217
2025-06-06 00:00:00+00:00,25929.264250325217
2025-06-07 00:00:00+00:00,25929.264250325217
2025-06-08 00:00:00+00:00,25929.264250325217
2025-06-09 00:00:00+00:00,25854.159162780612
2025-06-10 00:00:00+00:00,25395.195198272642
2025-06-11 00:00:00+00:00,25395.195198272642
2025-06-12 00:00:00+00:00,25395.195198272642
2025-06-13 00:00:00+00:00,25395.195198272642
2025-06-14 00:00:00+00:00,25412.977286650777
2025-06-15 00:00:00+00:00,25676.33235704923
2025-06-16 00:00:00+00:00,25676.33235704923
2025-06-17 00:00:00+00:00,25676.33235704923
2025-06-18 00:00:00+00:00,25676.33235704923
2025-06-19 00:00:00+00:00,25676.33235704923
2025-06-20 00:00:00+00:00,25676.33235704923
2025-06-21 00:00:00+00:00,25360.097020979047
2025-06-22 00:00:00+00:00,26431.846190623095
2025-06-23 00:00:00+00:00,26431.846190623095
2025-06-24 00:00:00+00:00,26431.846190623095
2025-06-25 00:00:00+00:00,26431.846190623095
2025-06-26 00:00:00+00:00,26431.846190623095
2025-06-27 00:00:00+00:00,26414.00326273328
2025-06-28 00:00:00+00:00,26414.00326273328
2025-06-29 00:00:00+00:00,26414.00326273328
2025-06-30 00:00:00+00:00,26414.00326273328
2025-07-01 00:00:00+00:00,26414.00326273328
2025-07-02 00:00:00+00:00,26414.00326273328
2025-07-03 00:00:00+00:00,26414.00326273328
2025-07-04 00:00:00+00:00,26414.00326273328
2025-07-05 00:00:00+00:00,26414.00326273328
2025-07-06 00:00:00+00:00,26414.00326273328
2025-07-07 00:00:00+00:00,26414.00326273328
2025-07-08 00:00:00+00:00,26414.00326273328
2025-07-09 00:00:00+00:00,26414.00326273328
2025-07-10 00:00:00+00:00,26679.80820721997
2025-07-11 00:00:00+00:00,26575.379006967432
2025-07-12 00:00:00+00:00,26872.307057222686
2025-07-13 00:00:00+00:00,26961.71278868107
2025-07-14 00:00:00+00:00,26412.892994617934
2025-07-15 00:00:00+00:00,26412.892994617934
2025-07-16 00:00:00+00:00,26412.892994617934
2025-07-17 00:00:00+00:00,26412.892994617934
2025-07-18 00:00:00+00:00,26412.892994617934
2025-07-19 00:00:00+00:00,26412.892994617934
2025-07-20 00:00:00+00:00,26412.892994617934
2025-07-21 00:00:00+00:00,26412.892994617934
2025-07-22 00:00:00+00:00,26412.892994617934
2025-07-23 00:00:00+00:00,26412.892994617934
2025-07-24 00:00:00+00:00,26412.892994617934
2025-07-25 00:00:00+00:00,26412.892994617934
2025-07-26 00:00:00+00:00,26412.892994617934
2025-07-27 00:00:00+00:00,26412.892994617934
2025-07-28 00:00:00+00:00,26412.892994617934
2025-07-29 00:00:00+00:00,26412.892994617934
2025-07-30 00:00:00+00:00,26412.892994617934
2025-07-31 00:00:00+00:00,26412.892994617934
2025-08-01 00:00:00+00:00,26211.340425609942
2025-08-02 00:00:00+00:00,26572.096397640413
2025-08-03 00:00:00+00:00,26742.298397944018
2025-08-04 00:00:00+00:00,26742.298397944018
2025-08-05 00:00:00+00:00,26742.298397944018
2025-08-06 00:00:00+00:00,26742.298397944018
2025-08-07 00:00:00+00:00,26742.298397944018
2025-08-08 00:00:00+00:00,26742.298397944018
