symbol,buy_thr,sell_thr,min_edge,fee,slippage,Sharpe,Calmar,MaxDD,CAGR,total_return,profit_factor,win_rate,n_trades
BTC,0.65,0.45,0.01,0.0005,0.001,0.961134908905213,1.407365460728076,-0.4021934620325386,0.5660331869952435,7.811935919636028,1.252575843627712,0.27202072538860106,1930.0
BTC,0.65,0.45,0.02,0.0005,0.001,0.961134908905213,1.407365460728076,-0.4021934620325386,0.5660331869952435,7.811935919636028,1.252575843627712,0.27202072538860106,1930.0
BTC,0.65,0.45,0.03,0.0005,0.001,0.961134908905213,1.407365460728076,-0.4021934620325386,0.5660331869952435,7.811935919636028,1.252575843627712,0.27202072538860106,1930.0
BTC,0.6,0.45,0.01,0.0005,0.001,0.9307286516383257,1.0739033631809645,-0.5285635443713157,0.5676261679552068,7.8555076857645005,1.2096342433639469,0.2636116152450091,2204.0
BTC,0.6,0.45,0.02,0.0005,0.001,0.9307286516383257,1.0739033631809645,-0.5285635443713157,0.5676261679552068,7.8555076857645005,1.2096342433639469,0.2636116152450091,2204.0
BTC,0.6,0.45,0.03,0.0005,0.001,0.9307286516383257,1.0739033631809645,-0.5285635443713157,0.5676261679552068,7.8555076857645005,1.2096342433639469,0.2636116152450091,2204.0
BTC,0.65,0.45,0.01,0.0005,0.0005,0.8503419902535583,0.9944749320751076,-0.46893022698377507,0.4663393556276545,5.404451052039158,1.2106176282010814,0.2689119170984456,1930.0
BTC,0.65,0.45,0.02,0.0005,0.0005,0.8503419902535583,0.9944749320751076,-0.46893022698377507,0.4663393556276545,5.404451052039158,1.2106176282010814,0.2689119170984456,1930.0
BTC,0.65,0.45,0.03,0.0005,0.0005,0.8503419902535583,0.9944749320751076,-0.46893022698377507,0.4663393556276545,5.404451052039158,1.2106176282010814,0.2689119170984456,1930.0
BTC,0.65,0.4,0.01,0.0005,0.001,0.8893288266715276,0.9572335297105554,-0.48500495770721996,0.4642630075932008,5.360574066321965,1.2591067824226236,0.2717678100263852,1516.0
BTC,0.65,0.4,0.02,0.0005,0.001,0.8893288266715276,0.9572335297105554,-0.48500495770721996,0.4642630075932008,5.360574066321965,1.2591067824226236,0.2717678100263852,1516.0
BTC,0.65,0.4,0.03,0.0005,0.001,0.8893288266715276,0.9572335297105554,-0.48500495770721996,0.4642630075932008,5.360574066321965,1.2591067824226236,0.2717678100263852,1516.0
BTC,0.6,0.45,0.01,0.0005,0.0005,0.871351609508444,0.8898968040636432,-0.5730039320381781,0.5099143678366758,6.382136755486073,1.1878190326047229,0.26270417422867515,2204.0
BTC,0.6,0.45,0.02,0.0005,0.0005,0.871351609508444,0.8898968040636432,-0.5730039320381781,0.5099143678366758,6.382136755486073,1.1878190326047229,0.26270417422867515,2204.0
BTC,0.6,0.45,0.03,0.0005,0.0005,0.871351609508444,0.8898968040636432,-0.5730039320381781,0.5099143678366758,6.382136755486073,1.1878190326047229,0.26270417422867515,2204.0
BTC,0.65,0.4,0.01,0.0005,0.0005,0.8466633086440296,0.8342084742095351,-0.5160201954792569,0.430468419932057,4.67934736363666,1.2385604268255368,0.26978891820580475,1516.0
BTC,0.65,0.4,0.02,0.0005,0.0005,0.8466633086440296,0.8342084742095351,-0.5160201954792569,0.430468419932057,4.67934736363666,1.2385604268255368,0.26978891820580475,1516.0
BTC,0.65,0.4,0.03,0.0005,0.0005,0.8466633086440296,0.8342084742095351,-0.5160201954792569,0.430468419932057,4.67934736363666,1.2385604268255368,0.26978891820580475,1516.0
BTC,0.65,0.45,0.01,0.0005,0.0002,0.7835117798414928,0.7911227738730403,-0.5175701422580372,0.4094615266170425,4.286004035258813,1.1866692357342696,0.26528497409326424,1930.0
BTC,0.65,0.45,0.02,0.0005,0.0002,0.7835117798414928,0.7911227738730403,-0.5175701422580372,0.4094615266170425,4.286004035258813,1.1866692357342696,0.26528497409326424,1930.0
BTC,0.65,0.45,0.03,0.0005,0.0002,0.7835117798414928,0.7911227738730403,-0.5175701422580372,0.4094615266170425,4.286004035258813,1.1866692357342696,0.26528497409326424,1930.0
BTC,0.6,0.45,0.01,0.0005,0.0002,0.8353684129484581,0.7863972979607199,-0.6054846363916333,0.4761514820151094,5.615061521456958,1.174939590117256,0.2599818511796733,2204.0
BTC,0.6,0.45,0.02,0.0005,0.0002,0.8353684129484581,0.7863972979607199,-0.6054846363916333,0.4761514820151094,5.615061521456958,1.174939590117256,0.2599818511796733,2204.0
BTC,0.6,0.45,0.03,0.0005,0.0002,0.8353684129484581,0.7863972979607199,-0.6054846363916333,0.4761514820151094,5.615061521456958,1.174939590117256,0.2599818511796733,2204.0
BTC,0.6,0.4,0.01,0.0005,0.001,0.8562750068243674,0.7795753436010071,-0.597443814725213,0.4657524671467044,5.392024754137672,1.2049680118269481,0.26145251396648045,1790.0
BTC,0.6,0.4,0.02,0.0005,0.001,0.8562750068243674,0.7795753436010071,-0.597443814725213,0.4657524671467044,5.392024754137672,1.2049680118269481,0.26145251396648045,1790.0
BTC,0.6,0.4,0.03,0.0005,0.001,0.8562750068243674,0.7795753436010071,-0.597443814725213,0.4657524671467044,5.392024754137672,1.2049680118269481,0.26145251396648045,1790.0
BTC,0.6,0.4,0.01,0.0005,0.0005,0.864984171238577,0.7677787258336458,-0.6160335580900503,0.47297746030114607,5.546340752643624,1.2051872424307728,0.2620111731843575,1790.0
BTC,0.6,0.4,0.02,0.0005,0.0005,0.864984171238577,0.7677787258336458,-0.6160335580900503,0.47297746030114607,5.546340752643624,1.2051872424307728,0.2620111731843575,1790.0
BTC,0.6,0.4,0.03,0.0005,0.0005,0.864984171238577,0.7677787258336458,-0.6160335580900503,0.47297746030114607,5.546340752643624,1.2051872424307728,0.2620111731843575,1790.0
BTC,0.65,0.4,0.01,0.0005,0.0002,0.8207375752219749,0.7635921444598284,-0.5375402808560295,0.41046153579239397,4.304223898617142,1.2262375612748968,0.26649076517150394,1516.0
BTC,0.65,0.4,0.02,0.0005,0.0002,0.8207375752219749,0.7635921444598284,-0.5375402808560295,0.41046153579239397,4.304223898617142,1.2262375612748968,0.26649076517150394,1516.0
BTC,0.65,0.4,0.03,0.0005,0.0002,0.8207375752219749,0.7635921444598284,-0.5375402808560295,0.41046153579239397,4.304223898617142,1.2262375612748968,0.26649076517150394,1516.0
BTC,0.6,0.4,0.01,0.0005,0.0002,0.869883965171887,0.7520297394957294,-0.6345477877710678,0.4771988075350675,5.637862396413554,1.2049571922989237,0.25977653631284914,1790.0
BTC,0.6,0.4,0.02,0.0005,0.0002,0.869883965171887,0.7520297394957294,-0.6345477877710678,0.4771988075350675,5.637862396413554,1.2049571922989237,0.25977653631284914,1790.0
BTC,0.6,0.4,0.03,0.0005,0.0002,0.869883965171887,0.7520297394957294,-0.6345477877710678,0.4771988075350675,5.637862396413554,1.2049571922989237,0.25977653631284914,1790.0
BTC,0.65,0.35,0.01,0.0005,0.001,0.8213997359815459,0.7307882625483267,-0.5332688959495396,0.3897066499420285,3.936140730028173,1.2445859426664814,0.26437699680511184,1252.0
BTC,0.65,0.35,0.02,0.0005,0.001,0.8213997359815459,0.7307882625483267,-0.5332688959495396,0.3897066499420285,3.936140730028173,1.2445859426664814,0.26437699680511184,1252.0
BTC,0.65,0.35,0.03,0.0005,0.001,0.8213997359815459,0.7307882625483267,-0.5332688959495396,0.3897066499420285,3.936140730028173,1.2445859426664814,0.26437699680511184,1252.0
BTC,0.6,0.35,0.01,0.0005,0.0002,0.8809082385701281,0.7115990469501456,-0.6525040865177284,0.4643212860970909,5.36180233222869,1.2188341356587422,0.25688073394495414,1526.0
BTC,0.6,0.35,0.02,0.0005,0.0002,0.8809082385701281,0.7115990469501456,-0.6525040865177284,0.4643212860970909,5.36180233222869,1.2188341356587422,0.25688073394495414,1526.0
BTC,0.6,0.35,0.03,0.0005,0.0002,0.8809082385701281,0.7115990469501456,-0.6525040865177284,0.4643212860970909,5.36180233222869,1.2188341356587422,0.25688073394495414,1526.0
BTC,0.65,0.35,0.01,0.0005,0.0005,0.8292475208702756,0.7110076605363883,-0.5556080036055031,0.39504154681884196,4.028754239687269,1.2462169864554336,0.26677316293929715,1252.0
BTC,0.65,0.35,0.02,0.0005,0.0005,0.8292475208702756,0.7110076605363883,-0.5556080036055031,0.39504154681884196,4.028754239687269,1.2462169864554336,0.26677316293929715,1252.0
BTC,0.65,0.35,0.03,0.0005,0.0005,0.8292475208702756,0.7110076605363883,-0.5556080036055031,0.39504154681884196,4.028754239687269,1.2462169864554336,0.26677316293929715,1252.0
BTC,0.65,0.35,0.01,0.0005,0.0002,0.833669936819285,0.7003593395064565,-0.568516439926683,0.3981657983656137,4.0836281250901125,1.2468120102149407,0.26437699680511184,1252.0
BTC,0.65,0.35,0.02,0.0005,0.0002,0.833669936819285,0.7003593395064565,-0.568516439926683,0.3981657983656137,4.0836281250901125,1.2468120102149407,0.26437699680511184,1252.0
BTC,0.65,0.35,0.03,0.0005,0.0002,0.833669936819285,0.7003593395064565,-0.568516439926683,0.3981657983656137,4.0836281250901125,1.2468120102149407,0.26437699680511184,1252.0
BTC,0.6,0.35,0.01,0.0005,0.0005,0.8461432397894599,0.6768299648321028,-0.6449150217590613,0.4364978114968803,4.7964298900031554,1.2076371908706078,0.2581913499344692,1526.0
BTC,0.6,0.35,0.02,0.0005,0.0005,0.8461432397894599,0.6768299648321028,-0.6449150217590613,0.4364978114968803,4.7964298900031554,1.2076371908706078,0.2581913499344692,1526.0
BTC,0.6,0.35,0.03,0.0005,0.0005,0.8461432397894599,0.6768299648321028,-0.6449150217590613,0.4364978114968803,4.7964298900031554,1.2076371908706078,0.2581913499344692,1526.0
BTC,0.6,0.35,0.01,0.0005,0.001,0.787718374003306,0.6189287645299822,-0.6319309953127547,0.39112027019712525,3.9605481214830487,1.1892175618083476,0.25360419397116646,1526.0
BTC,0.6,0.35,0.02,0.0005,0.001,0.787718374003306,0.6189287645299822,-0.6319309953127547,0.39112027019712525,3.9605481214830487,1.1892175618083476,0.25360419397116646,1526.0
BTC,0.6,0.35,0.03,0.0005,0.001,0.787718374003306,0.6189287645299822,-0.6319309953127547,0.39112027019712525,3.9605481214830487,1.1892175618083476,0.25360419397116646,1526.0
BTC,0.65,0.45,0.01,0.001,0.001,0.6259541371583239,0.5148055994700572,-0.5513183885682056,0.283821793525721,2.360529269361779,1.1951530179228669,0.26476683937823836,1930.0
BTC,0.65,0.45,0.02,0.001,0.001,0.6259541371583239,0.5148055994700572,-0.5513183885682056,0.283821793525721,2.360529269361779,1.1951530179228669,0.26476683937823836,1930.0
BTC,0.65,0.45,0.03,0.001,0.001,0.6259541371583239,0.5148055994700572,-0.5513183885682056,0.283821793525721,2.360529269361779,1.1951530179228669,0.26476683937823836,1930.0
BTC,0.65,0.4,0.01,0.001,0.001,0.6020316539631773,0.4494623390999176,-0.5616836665994125,0.2524556546239902,1.980514933774994,1.2008005633739882,0.2631926121372032,1516.0
BTC,0.65,0.4,0.02,0.001,0.001,0.6020316539631773,0.4494623390999176,-0.5616836665994125,0.2524556546239902,1.980514933774994,1.2008005633739882,0.2631926121372032,1516.0
BTC,0.65,0.4,0.03,0.001,0.001,0.6020316539631773,0.4494623390999176,-0.5616836665994125,0.2524556546239902,1.980514933774994,1.2008005633739882,0.2631926121372032,1516.0
BTC,0.6,0.45,0.01,0.001,0.001,0.5701921898842957,0.39112634345227265,-0.6373460953819392,0.24928284780032128,1.944062432077791,1.1582852587149306,0.25680580762250454,2204.0
BTC,0.6,0.45,0.02,0.001,0.001,0.5701921898842957,0.39112634345227265,-0.6373460953819392,0.24928284780032128,1.944062432077791,1.1582852587149306,0.25680580762250454,2204.0
BTC,0.6,0.45,0.03,0.001,0.001,0.5701921898842957,0.39112634345227265,-0.6373460953819392,0.24928284780032128,1.944062432077791,1.1582852587149306,0.25680580762250454,2204.0
BTC,0.65,0.4,0.01,0.001,0.0005,0.5590935229966733,0.3645712377386791,-0.6131260134777203,0.22352810962335457,1.661071823191845,1.1838519611565497,0.2605540897097625,1516.0
BTC,0.65,0.4,0.02,0.001,0.0005,0.5590935229966733,0.3645712377386791,-0.6131260134777203,0.22352810962335457,1.661071823191845,1.1838519611565497,0.2605540897097625,1516.0
BTC,0.65,0.4,0.03,0.001,0.0005,0.5590935229966733,0.3645712377386791,-0.6131260134777203,0.22352810962335457,1.661071823191845,1.1838519611565497,0.2605540897097625,1516.0
BTC,0.6,0.35,0.01,0.001,0.0002,0.5961895562618792,0.3561319019217366,-0.7053390442222065,0.2511937353185143,1.9659740315061809,1.1747823709010745,0.254259501965924,1526.0
BTC,0.6,0.35,0.02,0.001,0.0002,0.5961895562618792,0.3561319019217366,-0.7053390442222065,0.2511937353185143,1.9659740315061809,1.1747823709010745,0.254259501965924,1526.0
BTC,0.6,0.35,0.03,0.001,0.0002,0.5961895562618792,0.3561319019217366,-0.7053390442222065,0.2511937353185143,1.9659740315061809,1.1747823709010745,0.254259501965924,1526.0
BTC,0.65,0.35,0.01,0.001,0.001,0.5684412391233079,0.35601347302071207,-0.6220617312787576,0.22146235738582742,1.639345696560381,1.1968056173698167,0.25798722044728434,1252.0
BTC,0.65,0.35,0.02,0.001,0.001,0.5684412391233079,0.35601347302071207,-0.6220617312787576,0.22146235738582742,1.639345696560381,1.1968056173698167,0.25798722044728434,1252.0
BTC,0.65,0.35,0.03,0.001,0.001,0.5684412391233079,0.35601347302071207,-0.6220617312787576,0.22146235738582742,1.639345696560381,1.1968056173698167,0.25798722044728434,1252.0
BTC,0.65,0.35,0.01,0.001,0.0005,0.5761734640026683,0.35290788592952504,-0.6408328636071401,0.22615497112975946,1.6889041069398711,1.1982444466108357,0.2571884984025559,1252.0
BTC,0.65,0.35,0.02,0.001,0.0005,0.5761734640026683,0.35290788592952504,-0.6408328636071401,0.22615497112975946,1.6889041069398711,1.1982444466108357,0.2571884984025559,1252.0
BTC,0.65,0.35,0.03,0.001,0.0005,0.5761734640026683,0.35290788592952504,-0.6408328636071401,0.22615497112975946,1.6889041069398711,1.1982444466108357,0.2571884984025559,1252.0
BTC,0.65,0.35,0.01,0.001,0.0002,0.5806140927902714,0.3512494717888015,-0.6516822197923902,0.2289030354762307,1.7182673952621093,1.1987991867534353,0.26118210862619806,1252.0
BTC,0.65,0.35,0.02,0.001,0.0002,0.5806140927902714,0.3512494717888015,-0.6516822197923902,0.2289030354762307,1.7182673952621093,1.1987991867534353,0.26118210862619806,1252.0
BTC,0.65,0.35,0.03,0.001,0.0002,0.5806140927902714,0.3512494717888015,-0.6516822197923902,0.2289030354762307,1.7182673952621093,1.1987991867534353,0.26118210862619806,1252.0
BTC,0.55,0.45,0.01,0.0005,0.001,0.562732334524437,0.3370361284575561,-0.7342002515264783,0.2474520102870481,1.9231894811740182,1.102080654303767,0.2541176470588235,2550.0
BTC,0.55,0.45,0.02,0.0005,0.001,0.562732334524437,0.3370361284575561,-0.7342002515264783,0.2474520102870481,1.9231894811740182,1.102080654303767,0.2541176470588235,2550.0
BTC,0.55,0.45,0.03,0.0005,0.001,0.562732334524437,0.3370361284575561,-0.7342002515264783,0.2474520102870481,1.9231894811740182,1.102080654303767,0.2541176470588235,2550.0
BTC,0.6,0.4,0.01,0.001,0.001,0.5401114546024367,0.32878951817687707,-0.6653513785451529,0.21876055917018178,1.611142871087163,1.156221850228133,0.2536312849162011,1790.0
BTC,0.6,0.4,0.02,0.001,0.001,0.5401114546024367,0.32878951817687707,-0.6653513785451529,0.21876055917018178,1.611142871087163,1.156221850228133,0.2536312849162011,1790.0
BTC,0.6,0.4,0.03,0.001,0.001,0.5401114546024367,0.32878951817687707,-0.6653513785451529,0.21876055917018178,1.611142871087163,1.156221850228133,0.2536312849162011,1790.0
BTC,0.55,0.45,0.01,0.0005,0.0005,0.5603286778494124,0.32456148027301573,-0.7558784290698023,0.24532902184533678,1.8991330673506726,1.099794879849978,0.2541176470588235,2550.0
BTC,0.55,0.45,0.02,0.0005,0.0005,0.5603286778494124,0.32456148027301573,-0.7558784290698023,0.24532902184533678,1.8991330673506726,1.099794879849978,0.2541176470588235,2550.0
BTC,0.55,0.45,0.03,0.0005,0.0005,0.5603286778494124,0.32456148027301573,-0.7558784290698023,0.24532902184533678,1.8991330673506726,1.099794879849978,0.2541176470588235,2550.0
BTC,0.6,0.4,0.01,0.001,0.0005,0.5486805508549778,0.32455720230177654,-0.69255185279988,0.2247726917936408,1.674229839794402,1.1567462140676845,0.253072625698324,1790.0
BTC,0.6,0.4,0.02,0.001,0.0005,0.5486805508549778,0.32455720230177654,-0.69255185279988,0.2247726917936408,1.674229839794402,1.1567462140676845,0.253072625698324,1790.0
BTC,0.6,0.4,0.03,0.001,0.0005,0.5486805508549778,0.32455720230177654,-0.69255185279988,0.2247726917936408,1.674229839794402,1.1567462140676845,0.253072625698324,1790.0
BTC,0.6,0.35,0.01,0.001,0.0005,0.5613159616870231,0.3237049445393988,-0.7024984610206471,0.22740222536370158,1.7021997438984187,1.165493333973735,0.2490170380078637,1526.0
BTC,0.6,0.35,0.02,0.001,0.0005,0.5613159616870231,0.3237049445393988,-0.7024984610206471,0.22740222536370158,1.7021997438984187,1.165493333973735,0.2490170380078637,1526.0
BTC,0.6,0.35,0.03,0.001,0.0005,0.5613159616870231,0.3237049445393988,-0.7024984610206471,0.22740222536370158,1.7021997438984187,1.165493333973735,0.2490170380078637,1526.0
BTC,0.6,0.4,0.01,0.001,0.0002,0.553615775203575,0.3225140890727371,-0.7078305695278964,0.2282853313491262,1.7116451056386293,1.156828948394078,0.2569832402234637,1790.0
BTC,0.6,0.4,0.02,0.001,0.0002,0.553615775203575,0.3225140890727371,-0.7078305695278964,0.2282853313491262,1.7116451056386293,1.156828948394078,0.2569832402234637,1790.0
BTC,0.6,0.4,0.03,0.001,0.0002,0.553615775203575,0.3225140890727371,-0.7078305695278964,0.2282853313491262,1.7116451056386293,1.156828948394078,0.2569832402234637,1790.0
BTC,0.65,0.45,0.01,0.001,0.0005,0.5147732395161836,0.32239237872806426,-0.6266719917373276,0.20203427409845087,1.4418238588145873,1.1592816986117234,0.2606217616580311,1930.0
BTC,0.65,0.45,0.02,0.001,0.0005,0.5147732395161836,0.32239237872806426,-0.6266719917373276,0.20203427409845087,1.4418238588145873,1.1592816986117234,0.2606217616580311,1930.0
BTC,0.65,0.45,0.03,0.001,0.0005,0.5147732395161836,0.32239237872806426,-0.6266719917373276,0.20203427409845087,1.4418238588145873,1.1592816986117234,0.2606217616580311,1930.0
BTC,0.65,0.4,0.01,0.001,0.0002,0.5331117780192435,0.32195132267290877,-0.6410992678127894,0.2064027572369609,1.4851790338961304,1.1739037737797564,0.2631926121372032,1516.0
BTC,0.65,0.4,0.02,0.001,0.0002,0.5331117780192435,0.32195132267290877,-0.6410992678127894,0.2064027572369609,1.4851790338961304,1.1739037737797564,0.2631926121372032,1516.0
BTC,0.65,0.4,0.03,0.001,0.0002,0.5331117780192435,0.32195132267290877,-0.6410992678127894,0.2064027572369609,1.4851790338961304,1.1739037737797564,0.2631926121372032,1516.0
BTC,0.55,0.45,0.01,0.0005,0.0002,0.5586448444587788,0.31754563411223813,-0.7680788440358726,0.24390008357756598,1.883029898665714,1.0982660276521912,0.25372549019607843,2550.0
BTC,0.55,0.45,0.02,0.0005,0.0002,0.5586448444587788,0.31754563411223813,-0.7680788440358726,0.24390008357756598,1.883029898665714,1.0982660276521912,0.25372549019607843,2550.0
BTC,0.55,0.45,0.03,0.0005,0.0002,0.5586448444587788,0.31754563411223813,-0.7680788440358726,0.24390008357756598,1.883029898665714,1.0982660276521912,0.25372549019607843,2550.0
BTC,0.55,0.4,0.01,0.0005,0.0002,0.5689636203942733,0.3168124673121338,-0.7726420283570176,0.2447826273528384,1.8929671613808843,1.1059102576701407,0.25234082397003743,2136.0
BTC,0.55,0.4,0.02,0.0005,0.0002,0.5689636203942733,0.3168124673121338,-0.7726420283570176,0.2447826273528384,1.8929671613808843,1.1059102576701407,0.25234082397003743,2136.0
BTC,0.55,0.4,0.03,0.0005,0.0002,0.5689636203942733,0.3168124673121338,-0.7726420283570176,0.2447826273528384,1.8929671613808843,1.1059102576701407,0.25234082397003743,2136.0
BTC,0.6,0.45,0.01,0.001,0.0005,0.5105567655318206,0.29661406946238084,-0.6852574220195211,0.20325699257451024,1.4538977752698883,1.1409643949915687,0.2545372050816697,2204.0
BTC,0.6,0.45,0.02,0.001,0.0005,0.5105567655318206,0.29661406946238084,-0.6852574220195211,0.20325699257451024,1.4538977752698883,1.1409643949915687,0.2545372050816697,2204.0
BTC,0.6,0.45,0.03,0.001,0.0005,0.5105567655318206,0.29661406946238084,-0.6852574220195211,0.20325699257451024,1.4538977752698883,1.1409643949915687,0.2545372050816697,2204.0
BTC,0.55,0.35,0.01,0.0005,0.0002,0.5617792776103582,0.2949191269578669,-0.79320457375271,0.23393120039013615,1.7726524195918638,1.1083465667217245,0.24893162393162394,1872.0
BTC,0.55,0.35,0.02,0.0005,0.0002,0.5617792776103582,0.2949191269578669,-0.79320457375271,0.23393120039013615,1.7726524195918638,1.1083465667217245,0.24893162393162394,1872.0
BTC,0.55,0.35,0.03,0.0005,0.0002,0.5617792776103582,0.2949191269578669,-0.79320457375271,0.23393120039013615,1.7726524195918638,1.1083465667217245,0.24893162393162394,1872.0
BTC,0.55,0.4,0.01,0.0005,0.0005,0.5290156881573426,0.2791528801333095,-0.7697024052150871,0.21486464326132726,1.5708969604268481,1.0975744630385131,0.25187265917602997,2136.0
BTC,0.55,0.4,0.02,0.0005,0.0005,0.5290156881573426,0.2791528801333095,-0.7697024052150871,0.21486464326132726,1.5708969604268481,1.0975744630385131,0.25187265917602997,2136.0
BTC,0.55,0.4,0.03,0.0005,0.0005,0.5290156881573426,0.2791528801333095,-0.7697024052150871,0.21486464326132726,1.5708969604268481,1.0975744630385131,0.25187265917602997,2136.0
BTC,0.6,0.35,0.01,0.001,0.001,0.5028858495499339,0.2702929254252817,-0.6977655122269489,0.18860108156069222,1.312254376521269,1.1501571097848224,0.24770642201834864,1526.0
BTC,0.6,0.35,0.02,0.001,0.001,0.5028858495499339,0.2702929254252817,-0.6977655122269489,0.18860108156069222,1.312254376521269,1.1501571097848224,0.24770642201834864,1526.0
BTC,0.6,0.35,0.03,0.001,0.001,0.5028858495499339,0.2702929254252817,-0.6977655122269489,0.18860108156069222,1.312254376521269,1.1501571097848224,0.24770642201834864,1526.0
BTC,0.6,0.45,0.01,0.001,0.0002,0.47456306469999,0.2480161228501946,-0.7109666651593795,0.17633119576856182,1.1987326280654962,1.1311234879131575,0.25635208711433755,2204.0
BTC,0.6,0.45,0.02,0.001,0.0002,0.47456306469999,0.2480161228501946,-0.7109666651593795,0.17633119576856182,1.1987326280654962,1.1311234879131575,0.25635208711433755,2204.0
BTC,0.6,0.45,0.03,0.001,0.0002,0.47456306469999,0.2480161228501946,-0.7109666651593795,0.17633119576856182,1.1987326280654962,1.1311234879131575,0.25635208711433755,2204.0
BTC,0.65,0.45,0.01,0.001,0.0002,0.4478478146478741,0.23339136976069003,-0.665723900246699,0.15537421296100606,1.0151030151583296,1.1394826098922113,0.261139896373057,1930.0
BTC,0.65,0.45,0.02,0.001,0.0002,0.4478478146478741,0.23339136976069003,-0.665723900246699,0.15537421296100606,1.0151030151583296,1.1394826098922113,0.261139896373057,1930.0
BTC,0.65,0.45,0.03,0.001,0.0002,0.4478478146478741,0.23339136976069003,-0.665723900246699,0.15537421296100606,1.0151030151583296,1.1394826098922113,0.261139896373057,1930.0
BTC,0.55,0.35,0.01,0.0005,0.0005,0.49166129930096275,0.23167607404399984,-0.7975678878344306,0.1847773970370461,1.2763899021783067,1.092724967707034,0.24732905982905984,1872.0
BTC,0.55,0.35,0.02,0.0005,0.0005,0.49166129930096275,0.23167607404399984,-0.7975678878344306,0.1847773970370461,1.2763899021783067,1.092724967707034,0.24732905982905984,1872.0
BTC,0.55,0.35,0.03,0.0005,0.0005,0.49166129930096275,0.23167607404399984,-0.7975678878344306,0.1847773970370461,1.2763899021783067,1.092724967707034,0.24732905982905984,1872.0
BTC,0.55,0.4,0.01,0.0005,0.001,0.4621904768136629,0.21755442001178218,-0.7647977751270844,0.16638513639407426,1.1099975504211805,1.084099144959822,0.25046816479400746,2136.0
BTC,0.55,0.4,0.02,0.0005,0.001,0.4621904768136629,0.21755442001178218,-0.7647977751270844,0.16638513639407426,1.1099975504211805,1.084099144959822,0.25046816479400746,2136.0
BTC,0.55,0.4,0.03,0.0005,0.001,0.4621904768136629,0.21755442001178218,-0.7647977751270844,0.16638513639407426,1.1099975504211805,1.084099144959822,0.25046816479400746,2136.0
BTC,0.55,0.35,0.01,0.0005,0.001,0.3746738743858605,0.13296481112672276,-0.8046935325488095,0.10699592357024779,0.6374693133502496,1.0689427852650208,0.24252136752136752,1872.0
BTC,0.55,0.35,0.02,0.0005,0.001,0.3746738743858605,0.13296481112672276,-0.8046935325488095,0.10699592357024779,0.6374693133502496,1.0689427852650208,0.24252136752136752,1872.0
BTC,0.55,0.35,0.03,0.0005,0.001,0.3746738743858605,0.13296481112672276,-0.8046935325488095,0.10699592357024779,0.6374693133502496,1.0689427852650208,0.24252136752136752,1872.0
BTC,0.55,0.35,0.01,0.001,0.0002,0.22906053585292288,0.02016572111847859,-0.8563435683149025,0.01726878558024114,0.08661120088686669,1.0825332574373097,0.24465811965811965,1872.0
BTC,0.55,0.35,0.02,0.001,0.0002,0.22906053585292288,0.02016572111847859,-0.8563435683149025,0.01726878558024114,0.08661120088686669,1.0825332574373097,0.24465811965811965,1872.0
BTC,0.55,0.35,0.03,0.001,0.0002,0.22906053585292288,0.02016572111847859,-0.8563435683149025,0.01726878558024114,0.08661120088686669,1.0825332574373097,0.24465811965811965,1872.0
BTC,0.55,0.4,0.01,0.001,0.0002,0.2078838726476039,-0.0015945113279636075,-0.8508128920163116,-0.0013566307942974865,-0.006564483263298504,1.0781249909804032,0.24812734082397003,2136.0
BTC,0.55,0.4,0.02,0.001,0.0002,0.2078838726476039,-0.0015945113279636075,-0.8508128920163116,-0.0013566307942974865,-0.006564483263298504,1.0781249909804032,0.24812734082397003,2136.0
BTC,0.55,0.4,0.03,0.001,0.0002,0.2078838726476039,-0.0015945113279636075,-0.8508128920163116,-0.0013566307942974865,-0.006564483263298504,1.0781249909804032,0.24812734082397003,2136.0
BTC,0.55,0.35,0.01,0.001,0.0005,0.15899543996057133,-0.027094185755919365,-0.8593769663605375,-0.023284119160930872,-0.10800801628879053,1.070700924839532,0.23931623931623933,1872.0
BTC,0.55,0.35,0.02,0.001,0.0005,0.15899543996057133,-0.027094185755919365,-0.8593769663605375,-0.023284119160930872,-0.10800801628879053,1.070700924839532,0.23931623931623933,1872.0
BTC,0.55,0.35,0.03,0.001,0.0005,0.15899543996057133,-0.027094185755919365,-0.8593769663605375,-0.023284119160930872,-0.10800801628879053,1.070700924839532,0.23931623931623933,1872.0
BTC,0.55,0.4,0.01,0.001,0.0005,0.16803773537151706,-0.029894114926314563,-0.8488825705379819,-0.02537659312260776,-0.1172408386596342,1.0718216103855545,0.24391385767790263,2136.0
BTC,0.55,0.4,0.02,0.001,0.0005,0.16803773537151706,-0.029894114926314563,-0.8488825705379819,-0.02537659312260776,-0.1172408386596342,1.0718216103855545,0.24391385767790263,2136.0
BTC,0.55,0.4,0.03,0.001,0.0005,0.16803773537151706,-0.029894114926314563,-0.8488825705379819,-0.02537659312260776,-0.1172408386596342,1.0718216103855545,0.24391385767790263,2136.0
BTC,0.55,0.45,0.01,0.001,0.001,0.1617392897863773,-0.04907173694734279,-0.8327520111349738,-0.04086458763278611,-0.18324655425899739,1.0701597569480037,0.24666666666666667,2550.0
BTC,0.55,0.45,0.02,0.001,0.001,0.1617392897863773,-0.04907173694734279,-0.8327520111349738,-0.04086458763278611,-0.18324655425899739,1.0701597569480037,0.24666666666666667,2550.0
BTC,0.55,0.45,0.03,0.001,0.001,0.1617392897863773,-0.04907173694734279,-0.8327520111349738,-0.04086458763278611,-0.18324655425899739,1.0701597569480037,0.24666666666666667,2550.0
BTC,0.55,0.45,0.01,0.001,0.0005,0.15881974817186167,-0.05021005063113003,-0.8464021715423544,-0.04249789588744002,-0.1899721146336537,1.0697262772489649,0.24666666666666667,2550.0
BTC,0.55,0.45,0.02,0.001,0.0005,0.15881974817186167,-0.05021005063113003,-0.8464021715423544,-0.04249789588744002,-0.1899721146336537,1.0697262772489649,0.24666666666666667,2550.0
BTC,0.55,0.45,0.03,0.001,0.0005,0.15881974817186167,-0.05021005063113003,-0.8464021715423544,-0.04249789588744002,-0.1899721146336537,1.0697262772489649,0.24666666666666667,2550.0
BTC,0.55,0.45,0.01,0.001,0.0002,0.15699728797691156,-0.0510435973789009,-0.8541198107267212,-0.043597347732077796,-0.19447457191723982,1.069408019174856,0.24901960784313726,2550.0
BTC,0.55,0.45,0.02,0.001,0.0002,0.15699728797691156,-0.0510435973789009,-0.8541198107267212,-0.043597347732077796,-0.19447457191723982,1.069408019174856,0.24901960784313726,2550.0
BTC,0.55,0.45,0.03,0.001,0.0002,0.15699728797691156,-0.0510435973789009,-0.8541198107267212,-0.043597347732077796,-0.19447457191723982,1.069408019174856,0.24901960784313726,2550.0
BTC,0.65,0.35,0.01,0.002,0.0002,0.07164659441828936,-0.06473825930798506,-0.7877599782321149,-0.05099820974324332,-0.22426810178280432,1.1304429385951176,0.2515974440894569,1252.0
BTC,0.65,0.35,0.02,0.002,0.0002,0.07164659441828936,-0.06473825930798506,-0.7877599782321149,-0.05099820974324332,-0.22426810178280432,1.1304429385951176,0.2515974440894569,1252.0
BTC,0.65,0.35,0.03,0.002,0.0002,0.07164659441828936,-0.06473825930798506,-0.7877599782321149,-0.05099820974324332,-0.22426810178280432,1.1304429385951176,0.2515974440894569,1252.0
BTC,0.65,0.35,0.01,0.002,0.0005,0.06718822088599095,-0.06812162311299731,-0.7798333799033523,-0.053123515596711024,-0.23266012176619,1.129123171538793,0.2476038338658147,1252.0
BTC,0.65,0.35,0.02,0.002,0.0005,0.06718822088599095,-0.06812162311299731,-0.7798333799033523,-0.053123515596711024,-0.23266012176619,1.129123171538793,0.2476038338658147,1252.0
BTC,0.65,0.35,0.03,0.002,0.0005,0.06718822088599095,-0.06812162311299731,-0.7798333799033523,-0.053123515596711024,-0.23266012176619,1.129123171538793,0.2476038338658147,1252.0
BTC,0.65,0.35,0.01,0.002,0.001,0.05972270105993104,-0.07408894313572532,-0.7660095046804452,-0.05675283463369463,-0.24682416705940458,1.12668937310093,0.2452076677316294,1252.0
BTC,0.65,0.35,0.02,0.002,0.001,0.05972270105993104,-0.07408894313572532,-0.7660095046804452,-0.05675283463369463,-0.24682416705940458,1.12668937310093,0.2452076677316294,1252.0
BTC,0.65,0.35,0.03,0.002,0.001,0.05972270105993104,-0.07408894313572532,-0.7660095046804452,-0.05675283463369463,-0.24682416705940458,1.12668937310093,0.2452076677316294,1252.0
BTC,0.55,0.4,0.01,0.001,0.001,0.10163093643322733,-0.0757128946117311,-0.8492349758434019,-0.0642980382266275,-0.27560641579963496,1.0614383696665461,0.24204119850187267,2136.0
BTC,0.55,0.4,0.02,0.001,0.001,0.10163093643322733,-0.0757128946117311,-0.8492349758434019,-0.0642980382266275,-0.27560641579963496,1.0614383696665461,0.24204119850187267,2136.0
BTC,0.55,0.4,0.03,0.001,0.001,0.10163093643322733,-0.0757128946117311,-0.8492349758434019,-0.0642980382266275,-0.27560641579963496,1.0614383696665461,0.24204119850187267,2136.0
BTC,0.55,0.35,0.01,0.001,0.001,0.04232850199410912,-0.10040496350636868,-0.8710021700043218,-0.08745294109325186,-0.3585252442759511,1.0523756427463233,0.23557692307692307,1872.0
BTC,0.55,0.35,0.02,0.001,0.001,0.04232850199410912,-0.10040496350636868,-0.8710021700043218,-0.08745294109325186,-0.3585252442759511,1.0523756427463233,0.23557692307692307,1872.0
BTC,0.55,0.35,0.03,0.001,0.001,0.04232850199410912,-0.10040496350636868,-0.8710021700043218,-0.08745294109325186,-0.3585252442759511,1.0523756427463233,0.23557692307692307,1872.0
BTC,0.6,0.35,0.01,0.002,0.0002,0.02396361377126855,-0.10336940581193854,-0.8411376943928583,-0.08694790367541372,-0.35680105791407124,1.1230910438190316,0.24311926605504589,1526.0
BTC,0.6,0.35,0.02,0.002,0.0002,0.02396361377126855,-0.10336940581193854,-0.8411376943928583,-0.08694790367541372,-0.35680105791407124,1.1230910438190316,0.24311926605504589,1526.0
BTC,0.6,0.35,0.03,0.002,0.0002,0.02396361377126855,-0.10336940581193854,-0.8411376943928583,-0.08694790367541372,-0.35680105791407124,1.1230910438190316,0.24311926605504589,1526.0
BTC,0.65,0.4,0.01,0.002,0.001,0.02456354854979303,-0.10973561332434847,-0.7664480151193109,-0.0841066430203471,-0.34703235809478605,1.1220956665643318,0.25065963060686014,1516.0
BTC,0.65,0.4,0.02,0.002,0.001,0.02456354854979303,-0.10973561332434847,-0.7664480151193109,-0.0841066430203471,-0.34703235809478605,1.1220956665643318,0.25065963060686014,1516.0
BTC,0.65,0.4,0.03,0.002,0.001,0.02456354854979303,-0.10973561332434847,-0.7664480151193109,-0.0841066430203471,-0.34703235809478605,1.1220956665643318,0.25065963060686014,1516.0
BTC,0.6,0.35,0.01,0.002,0.0005,-0.01099325010853917,-0.12425139771704329,-0.8397127500288577,-0.10433548287190775,-0.41408499646504104,1.1160037196433452,0.23918741808650065,1526.0
BTC,0.6,0.35,0.02,0.002,0.0005,-0.01099325010853917,-0.12425139771704329,-0.8397127500288577,-0.10433548287190775,-0.41408499646504104,1.1160037196433452,0.23918741808650065,1526.0
BTC,0.6,0.35,0.03,0.002,0.0005,-0.01099325010853917,-0.12425139771704329,-0.8397127500288577,-0.10433548287190775,-0.41408499646504104,1.1160037196433452,0.23918741808650065,1526.0
BTC,0.65,0.4,0.01,0.002,0.0005,-0.01875272108787892,-0.1325952652579611,-0.7940863529853921,-0.10529209061182498,-0.4171147226374008,1.1130003357042746,0.2519788918205805,1516.0
BTC,0.65,0.4,0.02,0.002,0.0005,-0.01875272108787892,-0.1325952652579611,-0.7940863529853921,-0.10529209061182498,-0.4171147226374008,1.1130003357042746,0.2519788918205805,1516.0
BTC,0.65,0.4,0.03,0.002,0.0005,-0.01875272108787892,-0.1325952652579611,-0.7940863529853921,-0.10529209061182498,-0.4171147226374008,1.1130003357042746,0.2519788918205805,1516.0
BTC,0.65,0.4,0.01,0.002,0.0002,-0.04474335900871549,-0.14563488890402299,-0.809104215987561,-0.11783380260712506,-0.4556986978526164,1.1078956738624481,0.25395778364116095,1516.0
BTC,0.65,0.4,0.02,0.002,0.0002,-0.04474335900871549,-0.14563488890402299,-0.809104215987561,-0.11783380260712506,-0.4556986978526164,1.1078956738624481,0.25395778364116095,1516.0
BTC,0.65,0.4,0.03,0.002,0.0002,-0.04474335900871549,-0.14563488890402299,-0.809104215987561,-0.11783380260712506,-0.4556986978526164,1.1078956738624481,0.25395778364116095,1516.0
BTC,0.6,0.35,0.01,0.002,0.001,-0.06920657022466332,-0.15846607470750737,-0.8373504883674594,-0.1326916450460056,-0.49875432624033045,1.104144159282555,0.23656618610747052,1526.0
BTC,0.6,0.35,0.02,0.002,0.001,-0.06920657022466332,-0.15846607470750737,-0.8373504883674594,-0.1326916450460056,-0.49875432624033045,1.104144159282555,0.23656618610747052,1526.0
BTC,0.6,0.35,0.03,0.002,0.001,-0.06920657022466332,-0.15846607470750737,-0.8373504883674594,-0.1326916450460056,-0.49875432624033045,1.104144159282555,0.23656618610747052,1526.0
BTC,0.6,0.4,0.01,0.002,0.0002,-0.08144872128396656,-0.17396145528036763,-0.8694550063756327,-0.15125165820990638,-0.5486919868555322,1.1087140075164899,0.24636871508379887,1790.0
BTC,0.6,0.4,0.02,0.002,0.0002,-0.08144872128396656,-0.17396145528036763,-0.8694550063756327,-0.15125165820990638,-0.5486919868555322,1.1087140075164899,0.24636871508379887,1790.0
BTC,0.6,0.4,0.03,0.002,0.0002,-0.08144872128396656,-0.17396145528036763,-0.8694550063756327,-0.15125165820990638,-0.5486919868555322,1.1087140075164899,0.24636871508379887,1790.0
BTC,0.65,0.45,0.01,0.002,0.001,-0.047153703719557474,-0.1753100840685148,-0.7855274325017667,-0.13771088023000932,-0.5126713967624319,1.1106530720229175,0.2528497409326425,1930.0
BTC,0.65,0.45,0.02,0.002,0.001,-0.047153703719557474,-0.1753100840685148,-0.7855274325017667,-0.13771088023000932,-0.5126713967624319,1.1106530720229175,0.2528497409326425,1930.0
BTC,0.65,0.45,0.03,0.002,0.001,-0.047153703719557474,-0.1753100840685148,-0.7855274325017667,-0.13771088023000932,-0.5126713967624319,1.1106530720229175,0.2528497409326425,1930.0
BTC,0.6,0.4,0.01,0.002,0.0005,-0.08643765082446338,-0.17769839685536762,-0.8648503015137203,-0.1536825120988694,-0.5549283452692881,1.1070507977878943,0.2441340782122905,1790.0
BTC,0.6,0.4,0.02,0.002,0.0005,-0.08643765082446338,-0.17769839685536762,-0.8648503015137203,-0.1536825120988694,-0.5549283452692881,1.1070507977878943,0.2441340782122905,1790.0
BTC,0.6,0.4,0.03,0.002,0.0005,-0.08643765082446338,-0.17769839685536762,-0.8648503015137203,-0.1536825120988694,-0.5549283452692881,1.1070507977878943,0.2441340782122905,1790.0
BTC,0.6,0.4,0.01,0.002,0.001,-0.09469389554360813,-0.1842028045656291,-0.8568993139825443,-0.15784325686594824,-0.5654438295873259,1.1040811732329596,0.2424581005586592,1790.0
BTC,0.6,0.4,0.02,0.002,0.001,-0.09469389554360813,-0.1842028045656291,-0.8568993139825443,-0.15784325686594824,-0.5654438295873259,1.1040811732329596,0.2424581005586592,1790.0
BTC,0.6,0.4,0.03,0.002,0.001,-0.09469389554360813,-0.1842028045656291,-0.8568993139825443,-0.15784325686594824,-0.5654438295873259,1.1040811732329596,0.2424581005586592,1790.0
BTC,0.65,0.45,0.01,0.002,0.0005,-0.15873743056031642,-0.22936654947358764,-0.8402445903745807,-0.19272400240806564,-0.6460678062181786,1.0897557697259463,0.25181347150259065,1930.0
BTC,0.65,0.45,0.02,0.002,0.0005,-0.15873743056031642,-0.22936654947358764,-0.8402445903745807,-0.19272400240806564,-0.6460678062181786,1.0897557697259463,0.25181347150259065,1930.0
BTC,0.65,0.45,0.03,0.002,0.0005,-0.15873743056031642,-0.22936654947358764,-0.8402445903745807,-0.19272400240806564,-0.6460678062181786,1.0897557697259463,0.25181347150259065,1930.0
BTC,0.6,0.45,0.01,0.002,0.001,-0.15324246343507344,-0.2373805987063807,-0.87257312854558,-0.20713193166924948,-0.6756781837801745,1.097577641391228,0.24591651542649728,2204.0
BTC,0.6,0.45,0.02,0.002,0.001,-0.15324246343507344,-0.2373805987063807,-0.87257312854558,-0.20713193166924948,-0.6756781837801745,1.097577641391228,0.24591651542649728,2204.0
BTC,0.6,0.45,0.03,0.002,0.001,-0.15324246343507344,-0.2373805987063807,-0.87257312854558,-0.20713193166924948,-0.6756781837801745,1.097577641391228,0.24591651542649728,2204.0
BTC,0.65,0.45,0.01,0.002,0.0002,-0.2256266777231436,-0.2574093888873844,-0.8706240011476345,-0.22410679208610207,-0.7080037384414272,1.0789188067885287,0.2523316062176166,1930.0
BTC,0.65,0.45,0.02,0.002,0.0002,-0.2256266777231436,-0.2574093888873844,-0.8706240011476345,-0.22410679208610207,-0.7080037384414272,1.0789188067885287,0.2523316062176166,1930.0
BTC,0.65,0.45,0.03,0.002,0.0002,-0.2256266777231436,-0.2574093888873844,-0.8706240011476345,-0.22410679208610207,-0.7080037384414272,1.0789188067885287,0.2523316062176166,1930.0
BTC,0.6,0.45,0.01,0.002,0.0005,-0.21322755621102835,-0.26282918327519533,-0.8993889183376857,-0.2363856548534553,-0.7297492435188858,1.0910574816290208,0.2454627949183303,2204.0
BTC,0.6,0.45,0.02,0.002,0.0005,-0.21322755621102835,-0.26282918327519533,-0.8993889183376857,-0.2363856548534553,-0.7297492435188858,1.0910574816290208,0.2454627949183303,2204.0
BTC,0.6,0.45,0.03,0.002,0.0005,-0.21322755621102835,-0.26282918327519533,-0.8993889183376857,-0.2363856548534553,-0.7297492435188858,1.0910574816290208,0.2454627949183303,2204.0
BTC,0.6,0.45,0.01,0.002,0.0002,-0.24913971107722505,-0.2777374454881549,-0.9127284142074404,-0.25349885818642903,-0.7578909840382324,1.0876888268001494,0.24637023593466426,2204.0
BTC,0.6,0.45,0.02,0.002,0.0002,-0.24913971107722505,-0.2777374454881549,-0.9127284142074404,-0.25349885818642903,-0.7578909840382324,1.0876888268001494,0.24637023593466426,2204.0
BTC,0.6,0.45,0.03,0.002,0.0002,-0.24913971107722505,-0.2777374454881549,-0.9127284142074404,-0.25349885818642903,-0.7578909840382324,1.0876888268001494,0.24637023593466426,2204.0
BTC,0.55,0.35,0.01,0.002,0.0002,-0.4377943272588476,-0.3237180597946208,-0.9545591204573409,-0.30900802643371017,-0.8335791129660803,1.0679758539278326,0.234508547008547,1872.0
BTC,0.55,0.35,0.02,0.002,0.0002,-0.4377943272588476,-0.3237180597946208,-0.9545591204573409,-0.30900802643371017,-0.8335791129660803,1.0679758539278326,0.234508547008547,1872.0
BTC,0.55,0.35,0.03,0.002,0.0002,-0.4377943272588476,-0.3237180597946208,-0.9545591204573409,-0.30900802643371017,-0.8335791129660803,1.0679758539278326,0.234508547008547,1872.0
BTC,0.55,0.35,0.01,0.002,0.0005,-0.5075047814005232,-0.3504923278754636,-0.9603484926353534,-0.3365947787554575,-0.8634268506649347,1.0595695172857555,0.22863247863247863,1872.0
BTC,0.55,0.35,0.02,0.002,0.0005,-0.5075047814005232,-0.3504923278754636,-0.9603484926353534,-0.3365947787554575,-0.8634268506649347,1.0595695172857555,0.22863247863247863,1872.0
BTC,0.55,0.35,0.03,0.002,0.0005,-0.5075047814005232,-0.3504923278754636,-0.9603484926353534,-0.3365947787554575,-0.8634268506649347,1.0595695172857555,0.22863247863247863,1872.0
BTC,0.55,0.4,0.01,0.002,0.0002,-0.5156292177743811,-0.36966309782627754,-0.9675639731492625,-0.3576726956594576,-0.8832288504246573,1.0666182132627642,0.23829588014981273,2136.0
BTC,0.55,0.4,0.02,0.002,0.0002,-0.5156292177743811,-0.36966309782627754,-0.9675639731492625,-0.3576726956594576,-0.8832288504246573,1.0666182132627642,0.23829588014981273,2136.0
BTC,0.55,0.4,0.03,0.002,0.0002,-0.5156292177743811,-0.36966309782627754,-0.9675639731492625,-0.3576726956594576,-0.8832288504246573,1.0666182132627642,0.23829588014981273,2136.0
BTC,0.55,0.4,0.01,0.002,0.0005,-0.5551483524090877,-0.385011543394478,-0.9691797211177022,-0.37314538025415633,-0.8962565607645933,1.0612155900361637,0.2340823970037453,2136.0
BTC,0.55,0.4,0.02,0.002,0.0005,-0.5551483524090877,-0.385011543394478,-0.9691797211177022,-0.37314538025415633,-0.8962565607645933,1.0612155900361637,0.2340823970037453,2136.0
BTC,0.55,0.4,0.03,0.002,0.0005,-0.5551483524090877,-0.385011543394478,-0.9691797211177022,-0.37314538025415633,-0.8962565607645933,1.0612155900361637,0.2340823970037453,2136.0
BTC,0.55,0.35,0.01,0.002,0.001,-0.6231165051029199,-0.39249493496369503,-0.9687850250234694,-0.3802432153903883,-0.9018325546412167,1.0457072403937484,0.22596153846153846,1872.0
BTC,0.55,0.35,0.02,0.002,0.001,-0.6231165051029199,-0.39249493496369503,-0.9687850250234694,-0.3802432153903883,-0.9018325546412167,1.0457072403937484,0.22596153846153846,1872.0
BTC,0.55,0.35,0.03,0.002,0.001,-0.6231165051029199,-0.39249493496369503,-0.9687850250234694,-0.3802432153903883,-0.9018325546412167,1.0457072403937484,0.22596153846153846,1872.0
BTC,0.55,0.4,0.01,0.002,0.001,-0.6205119405673019,-0.4098067878028351,-0.9717162766650559,-0.39821592599583755,-0.914893491659816,1.0519268825167372,0.23220973782771537,2136.0
BTC,0.55,0.4,0.02,0.002,0.001,-0.6205119405673019,-0.4098067878028351,-0.9717162766650559,-0.39821592599583755,-0.914893491659816,1.0519268825167372,0.23220973782771537,2136.0
BTC,0.55,0.4,0.03,0.002,0.001,-0.6205119405673019,-0.4098067878028351,-0.9717162766650559,-0.39821592599583755,-0.914893491659816,1.0519268825167372,0.23220973782771537,2136.0
BTC,0.55,0.45,0.01,0.002,0.001,-0.6415124427479004,-0.4439971264624922,-0.9762143722020128,-0.4334363760690795,-0.9364825556824928,1.0505460930241377,0.23686274509803923,2550.0
BTC,0.55,0.45,0.02,0.002,0.001,-0.6415124427479004,-0.4439971264624922,-0.9762143722020128,-0.4334363760690795,-0.9364825556824928,1.0505460930241377,0.23686274509803923,2550.0
BTC,0.55,0.45,0.03,0.002,0.001,-0.6415124427479004,-0.4439971264624922,-0.9762143722020128,-0.4334363760690795,-0.9364825556824928,1.0505460930241377,0.23686274509803923,2550.0
BTC,0.55,0.45,0.01,0.002,0.0005,-0.6454600207935268,-0.44414008303594116,-0.9780750924552899,-0.4344023527784783,-0.9370062266708841,1.054699911667115,0.23686274509803923,2550.0
BTC,0.55,0.45,0.02,0.002,0.0005,-0.6454600207935268,-0.44414008303594116,-0.9780750924552899,-0.4344023527784783,-0.9370062266708841,1.054699911667115,0.23686274509803923,2550.0
BTC,0.55,0.45,0.03,0.002,0.0005,-0.6454600207935268,-0.44414008303594116,-0.9780750924552899,-0.4344023527784783,-0.9370062266708841,1.054699911667115,0.23686274509803923,2550.0
BTC,0.55,0.45,0.01,0.002,0.0002,-0.6475563778403091,-0.44432093655389987,-0.9791407187365944,-0.43505272116710225,-0.9373568665013696,1.057108615383495,0.2396078431372549,2550.0
BTC,0.55,0.45,0.02,0.002,0.0002,-0.6475563778403091,-0.44432093655389987,-0.9791407187365944,-0.43505272116710225,-0.9373568665013696,1.057108615383495,0.2396078431372549,2550.0
BTC,0.55,0.45,0.03,0.002,0.0002,-0.6475563778403091,-0.44432093655389987,-0.9791407187365944,-0.43505272116710225,-0.9373568665013696,1.057108615383495,0.2396078431372549,2550.0
